index,exec_time_us,loop_time_us,adc_time_us,heater_time_us,temp_get_time_us,e2e_time_us,free_heap,cpu_core0,cpu_core1,cpu_overall,temp_mutex_wait,metrics_mutex_wait
0,95100445,9240,67,44,34,16785,100592,0.83,25.72,13.28,4,5
1,,9999,82,45,31,16785,100592,1.25,25.93,13.59,5,4
2,,10000,73,44,32,16785,100592,1.67,25.69,13.68,4,5
3,,10000,67,44,32,28785,100592,0.83,25.72,13.28,4,5
4,,10000,67,44,32,65807,100592,0.83,25.73,13.28,4,5
5,,10760,67,44,32,65807,100592,0.83,25.70,13.27,4,4
6,,9241,67,44,33,,100592,1.25,25.92,13.59,4,4
7,,9999,67,44,31,,100592,1.67,25.71,13.69,4,5
8,,10000,67,44,32,,100592,0.83,25.72,13.28,4,4
9,,10000,67,44,32,,100592,0.83,25.69,13.26,4,5
10,,10000,67,44,32,,100592,0.83,25.69,13.26,4,5
11,,10761,67,45,32,,100592,1.25,25.92,13.59,4,5
12,,9240,82,,34,,100592,1.67,25.72,13.70,5,4
13,,9999,73,,31,,100592,0.83,25.71,13.27,4,5
14,,10000,67,,32,,100592,0.83,25.70,13.27,4,5
15,,10000,67,,32,,100592,0.83,25.72,13.28,4,5
16,,10000,67,,32,,100592,1.25,25.93,13.59,4,5
17,,10761,67,,32,,100592,1.67,25.72,13.70,4,5
18,,9240,67,,34,,100592,0.83,25.71,13.27,4,4
19,,9999,67,,31,,100592,0.83,25.71,13.27,4,5
20,,10000,67,,32,,100592,0.83,25.72,13.28,4,5
21,,10000,67,,32,,100592,1.25,25.92,13.59,4,4
22,,10000,67,,32,,100592,1.67,25.70,13.69,4,5
23,,10760,82,,32,,100592,0.83,25.72,13.28,5,4
24,,9241,73,,34,,100592,0.83,25.72,13.28,4,5
25,,9999,67,,31,,100592,0.83,25.72,13.28,4,5
26,,10000,67,,32,,100592,1.25,25.95,13.60,4,5
27,,10000,67,,32,,100592,1.67,25.69,13.68,4,4
28,,10000,67,,32,,100592,0.83,25.69,13.26,4,4
29,,10761,67,,32,,100592,0.83,25.72,13.28,4,5
30,,9240,67,,33,,100592,0.83,25.69,13.26,4,5
31,,9999,67,,31,,100592,1.25,25.92,13.59,4,5
32,,10000,67,,32,,100592,1.67,25.72,13.70,4,5
33,,10000,67,,32,,100592,0.83,25.70,13.27,4,4
34,,10000,92,,32,,100592,0.83,25.71,13.27,5,5
35,,10761,73,,32,,100592,0.83,25.72,13.28,4,4
36,,9240,67,,34,,100592,1.26,25.96,13.61,4,5
37,,9999,67,,31,,100592,1.67,25.70,13.69,4,5
38,,10000,67,,32,,100592,0.83,25.72,13.28,4,5
39,,10000,67,,32,,100592,0.83,25.69,13.26,4,4
40,,10000,67,,32,,100592,0.83,25.70,13.27,4,5
41,,10760,67,,32,,100592,1.25,25.92,13.59,4,5
42,,9241,67,,33,,100592,1.67,25.71,13.69,4,5
43,,9999,67,,31,,100592,0.83,25.71,13.27,4,4
44,,10000,67,,32,,100592,0.83,25.70,13.27,4,4
45,,10000,82,,32,,100592,0.83,25.72,13.28,4,4
46,,10000,73,,32,,100592,1.25,25.94,13.60,4,4
47,,10761,67,,32,,100592,1.67,25.71,13.69,4,4
48,,9240,67,,34,,100592,0.83,25.70,13.27,4,5
49,,9999,67,,31,,100592,0.83,25.70,13.27,4,4
50,,10000,67,,32,,100592,0.83,25.71,13.27,4,5
51,,10000,67,,32,,100592,1.25,25.93,13.59,4,5
52,,10000,67,,32,,100592,1.67,25.70,13.69,4,5
53,,10761,67,,32,,100592,0.83,25.71,13.27,4,5
54,,9240,67,,34,,100592,0.83,25.71,13.27,4,5
55,,9999,67,,31,,100592,0.83,25.71,13.27,4,5
56,,10000,82,,32,,100592,1.25,25.94,13.60,5,4
57,,10000,73,,32,,100592,1.67,25.72,13.70,4,5
58,,10000,67,,32,,100592,0.83,25.71,13.27,4,5
59,,10761,67,,32,,100592,0.83,25.72,13.28,4,5
60,,9240,67,,34,,100592,0.83,25.71,13.27,4,5
61,,9999,67,,31,,100592,1.25,25.91,13.58,4,5
62,,10000,67,,32,,100592,1.67,25.70,13.69,4,4
63,,10000,67,,32,,100592,0.83,25.70,13.27,4,4
64,,10000,67,,32,,100592,0.83,25.72,13.28,4,5
65,,10760,67,,32,,100592,0.83,25.72,13.28,4,5
66,,9241,67,,33,,100592,1.25,25.92,13.58,4,5
67,,9999,82,,31,,100592,1.67,25.70,13.69,5,4
68,,10000,73,,32,,100592,0.83,25.71,13.27,4,5
69,,10000,67,,32,,100592,0.83,25.70,13.27,4,4
70,,10000,67,,32,,100592,0.83,25.69,13.26,4,4
71,,10761,67,,32,,100592,1.25,25.93,13.59,4,5
72,,9240,67,,34,,100592,1.67,25.70,13.69,4,5
73,,9999,67,,31,,100592,0.83,25.71,13.27,4,4
74,,10000,67,,32,,100592,0.83,25.70,13.27,4,5
75,,10000,67,,32,,100592,0.83,25.72,13.28,4,4
76,,10000,67,,32,,100592,1.25,25.92,13.58,4,5
77,,10761,67,,32,,100592,1.67,25.70,13.69,4,5
78,,9240,82,,33,,100592,0.83,25.71,13.27,4,4
79,,9999,73,,31,,100592,0.83,25.71,13.27,4,5
80,,10000,67,,32,,100592,0.83,25.70,13.27,4,4
81,,10000,67,,32,,100592,1.25,25.92,13.58,4,5
82,,10000,67,,32,,100592,1.67,25.70,13.69,4,5
83,,10761,67,,32,,100592,0.83,25.72,13.28,4,5
84,,9240,67,,33,,100592,0.83,25.72,13.28,4,4
85,,9999,67,,31,,100592,0.83,25.72,13.28,4,4
86,,10000,67,,32,,100592,1.25,25.93,13.59,4,5
87,,10000,67,,32,,100592,1.67,25.70,13.69,4,5
88,,10000,67,,32,,100592,0.83,25.70,13.27,4,4
89,,10760,91,,32,,100592,0.83,25.71,13.27,5,5
90,,9241,73,,33,,100592,0.83,25.70,13.27,4,5
91,,9999,67,,31,,100592,1.25,25.93,13.59,4,5
92,,10000,67,,32,,100592,1.67,25.69,13.68,4,4
93,,10000,67,,32,,100592,0.83,25.70,13.27,4,4
94,,10000,67,,32,,100592,0.83,25.71,13.27,4,5
95,,10760,67,,32,,100592,0.83,25.71,13.27,4,4
96,,9241,67,,34,,100592,1.25,25.92,13.59,4,5
97,,9999,67,,31,,100592,1.67,25.71,13.69,4,5
98,,10000,67,,32,,100592,0.83,25.70,13.27,4,4
99,,10000,67,,32,,100592,0.83,25.71,13.27,4,4
100,,10000,83,,32,,100592,0.83,25.72,13.28,4,4
101,,10761,73,,32,,100592,1.25,25.94,13.60,4,4
102,,9240,67,,34,,100592,1.67,25.71,13.69,4,5
103,,9999,67,,31,,100592,0.83,25.70,13.27,4,4
104,,10000,67,,32,,100592,0.83,25.72,13.28,4,5
105,,10000,67,,32,,100592,0.83,25.70,13.27,4,4
106,,10000,67,,32,,100592,1.25,25.92,13.59,4,4
107,,10761,67,,32,,100592,1.67,25.72,13.70,4,5
108,,9240,67,,33,,100592,0.83,25.71,13.27,4,4
109,,9999,67,,31,,100592,0.83,25.72,13.28,4,4
110,,10000,67,,32,,100592,0.83,25.72,13.28,4,5
111,,10000,82,,32,,100592,1.25,25.92,13.59,5,4
112,,10000,73,,32,,100592,1.67,25.71,13.69,4,4
113,,10760,67,,32,,100592,0.83,25.72,13.28,4,5
114,,9241,67,,34,,100592,0.83,25.72,13.28,4,4
115,,9999,67,,31,,100592,0.83,25.70,13.27,4,5
116,,10000,67,,32,,100592,1.25,25.92,13.59,4,5
117,,10000,67,,32,,100592,1.67,25.70,13.69,4,4
118,,10000,67,,32,,100592,0.83,25.70,13.27,4,5
119,,10761,67,,32,,100592,0.83,25.70,13.27,4,5
120,,9240,67,,34,,100592,0.83,25.70,13.27,4,4
121,,9999,67,,31,,100592,1.25,25.92,13.59,4,5
122,,10000,82,,32,,100592,1.67,25.70,13.69,4,4
123,,10000,73,,32,,100592,0.83,25.70,13.27,4,5
124,,10000,67,,32,,100592,0.83,25.71,13.27,4,4
125,,10761,67,,32,,100592,0.83,25.70,13.27,4,4
126,,9240,67,,33,,100592,1.25,25.93,13.59,4,5
127,,9999,67,,31,,100592,1.67,25.71,13.69,4,4
128,,10000,67,,32,,100592,0.83,25.70,13.27,4,4
129,,10000,67,,32,,100592,0.83,25.72,13.28,4,5
130,,10000,67,,32,,100592,0.83,25.71,13.27,4,4
131,,10761,67,,32,,100592,1.25,25.93,13.59,4,4
132,,9240,67,,33,,100592,1.67,25.72,13.70,4,5
133,,9999,82,,31,,100592,0.83,25.69,13.26,5,4
134,,10000,73,,32,,100592,0.83,25.72,13.28,4,4
135,,10000,67,,32,,100592,0.83,25.69,13.26,4,5
136,,10000,67,,32,,100592,1.25,25.93,13.59,4,5
137,,10760,67,,32,,100592,1.67,25.69,13.68,4,5
138,,9241,67,,33,,100592,0.83,25.71,13.27,4,4
139,,9999,67,,31,,100592,0.83,25.72,13.28,4,4
140,,10000,67,,32,,100592,0.83,25.70,13.27,4,4
141,,10000,67,,32,,100592,1.25,25.92,13.58,4,4
142,,10000,67,,32,,100592,1.67,25.72,13.70,4,4
143,,10761,67,,32,,100592,0.83,25.70,13.27,4,4
144,,9240,91,,33,,100592,0.83,25.69,13.26,5,5
145,,9999,73,,31,,100592,0.83,25.71,13.27,4,5
146,,10000,67,,32,,100592,1.25,25.92,13.59,4,5
147,,10000,67,,32,,100592,1.67,25.71,13.69,4,5
148,,10000,67,,32,,100592,0.83,25.70,13.27,4,5
149,,10761,67,,32,,100592,0.83,25.69,13.26,4,5
150,,9240,67,,33,,100592,0.83,25.72,13.28,4,4
151,,9999,67,,31,,100592,1.25,25.93,13.59,4,5
152,,10000,67,,32,,100592,1.67,25.71,13.69,4,5
153,,10000,67,,32,,100592,0.83,25.71,13.27,4,5
154,,10000,67,,32,,100592,0.83,25.70,13.27,4,4
155,,10761,82,,32,,100592,0.83,25.71,13.27,4,4
156,,9240,73,,33,,100592,1.25,25.93,13.59,4,4
157,,9999,67,,31,,100592,1.67,25.71,13.69,4,4
158,,10000,67,,32,,100592,0.83,25.71,13.27,4,5
159,,10000,67,,32,,100592,0.83,25.70,13.27,4,4
160,,10000,67,,32,,100592,0.83,25.70,13.27,4,5
161,,10761,67,,32,,100592,1.25,25.93,13.59,4,5
162,,9240,67,,33,,100592,1.67,25.72,13.70,4,5
163,,9999,73,,31,,100592,0.83,25.72,13.28,5,6
164,,10000,67,,32,,100592,0.83,25.70,13.27,4,5
165,,10000,67,,32,,100592,0.83,25.72,13.28,4,4
166,,10000,67,,32,,100592,1.25,25.93,13.59,4,5
167,,10761,67,,32,,100592,1.67,25.70,13.69,4,4
168,,9240,67,,34,,100592,0.83,25.73,13.28,4,5
169,,9999,67,,31,,100592,0.83,25.70,13.27,4,5
170,,10000,67,,32,,100592,0.83,25.69,13.26,4,5
171,,10000,82,,32,,100592,1.25,25.93,13.59,4,4
172,,10000,73,,32,,100592,1.67,25.72,13.70,4,5
173,,10761,67,,32,,100592,0.83,25.72,13.28,4,5
174,,9240,67,,34,,100592,0.83,25.70,13.27,4,4
175,,9999,67,,31,,100592,0.83,25.71,13.27,4,5
176,,10000,67,,32,,100592,1.25,25.92,13.59,4,5
177,,10000,67,,32,,100592,1.67,25.70,13.69,4,4
178,,10000,67,,32,,100592,0.83,25.72,13.28,4,4
179,,10761,67,,32,,100592,0.83,25.70,13.27,4,5
180,,9240,67,,33,,100592,0.83,25.72,13.28,4,4
181,,9999,67,,31,,100592,1.25,25.92,13.59,4,5
182,,10000,82,,32,,100592,1.67,25.70,13.69,5,4
183,,10000,73,,32,,100592,0.83,25.69,13.26,4,5
184,,10000,67,,32,,100592,0.83,25.69,13.26,4,5
185,,10760,67,,32,,100592,0.83,25.72,13.28,4,5
186,,9241,67,,33,,100592,1.25,25.91,13.58,4,4
187,,9999,67,,31,,100592,1.67,25.72,13.70,4,4
188,,10000,67,,32,,100592,0.83,25.72,13.28,4,4
189,,10000,67,,32,,100592,0.83,25.71,13.27,4,4
190,,10000,67,,32,,100592,0.83,25.70,13.27,4,4
191,,10761,67,,32,,100592,1.25,25.92,13.59,4,5
192,,9240,67,,34,,100592,1.67,25.71,13.69,4,5
193,,9999,82,,31,,100592,0.83,25.72,13.28,4,4
194,,10000,73,,32,,100592,0.83,25.70,13.27,4,5
195,,10000,67,,32,,100592,0.83,25.72,13.28,4,5
196,,10000,67,,32,,100592,1.25,25.93,13.59,4,4
197,,10761,67,,32,,100592,1.67,25.71,13.69,4,5
198,,9240,67,,33,,100592,0.83,25.70,13.27,4,5
199,,9999,67,,31,,100592,0.83,25.71,13.27,4,5
200,,10000,67,,32,,100592,0.83,25.72,13.28,4,5
201,,10000,67,,32,,100592,1.25,25.95,13.60,4,5
202,,10000,67,,32,,100592,1.67,25.69,13.68,4,5
203,,10760,67,,32,,100592,0.83,25.70,13.27,4,4
204,,9241,91,,34,,100592,0.83,25.70,13.27,5,5
205,,9999,73,,31,,100592,0.83,25.72,13.28,4,5
206,,10000,67,,32,,100592,1.25,25.93,13.59,4,5
207,,10000,67,,32,,100592,1.67,25.71,13.69,4,5
208,,10000,67,,32,,100592,0.83,25.72,13.28,4,5
209,,10761,67,,32,,100592,0.83,25.72,13.28,4,5
210,,9240,67,,34,,100592,0.83,25.69,13.26,4,4
211,,9999,67,,31,,100592,1.25,25.92,13.58,4,5
212,,10000,67,,32,,100592,1.67,25.70,13.69,4,5
213,,10000,67,,32,,100592,0.83,25.70,13.27,4,5
214,,10000,67,,32,,100592,0.83,25.70,13.27,4,5
215,,10761,82,,32,,100592,0.83,25.70,13.27,5,4
216,,9240,73,,34,,100592,1.26,25.96,13.61,4,5
217,,9999,67,,31,,100592,1.67,25.70,13.69,4,5
218,,10000,67,,32,,100592,0.83,25.72,13.28,4,4
219,,10000,67,,32,,100592,0.83,25.69,13.26,4,4
220,,10000,67,,32,,100592,0.83,25.72,13.28,4,5
221,,10761,67,,32,,100592,1.25,25.94,13.60,4,4
222,,9240,67,,34,,100592,1.67,25.71,13.69,4,5
223,,9999,67,,31,,100592,0.83,25.72,13.28,4,5
224,,10000,67,,32,,100592,0.83,25.70,13.27,4,4
225,,10000,67,,32,,100592,0.83,25.70,13.27,4,5
226,,10000,82,,32,,100592,1.25,25.92,13.59,4,4
227,,10761,73,,32,,100592,1.67,25.69,13.68,4,5
228,,9240,67,,33,,100592,0.83,25.71,13.27,4,5
229,,9999,67,,31,,100592,0.83,25.72,13.28,4,4
230,,10000,67,,32,,100592,0.83,25.72,13.28,4,5
231,,10000,67,,32,,100592,1.25,25.93,13.59,4,5
232,,10000,67,,32,,100592,1.67,25.70,13.69,4,4
233,,10760,67,,32,,100592,0.83,25.71,13.27,4,4
234,,9241,67,,33,,100592,0.83,25.72,13.28,4,5
235,,9999,67,,31,,100592,0.83,25.69,13.26,4,5
236,,10000,67,,32,,100592,1.25,25.92,13.58,4,4
237,,10000,83,,32,,100592,1.67,25.69,13.68,4,5
238,,10000,73,,32,,100592,0.83,25.70,13.27,4,5
239,,10760,67,,32,,100592,0.83,25.69,13.26,4,5
240,,9241,67,,34,,100592,0.83,25.72,13.28,4,5
241,,9999,67,,31,,100592,1.25,25.91,13.58,4,5
242,,10000,67,,32,,100592,1.67,25.69,13.68,4,4
243,,10000,67,,32,,100592,0.83,25.71,13.27,4,4
244,,10000,67,,32,,100592,0.83,25.69,13.26,4,5
245,,10761,67,,32,,100592,0.83,25.69,13.26,4,5
246,,9240,67,,33,,100592,1.26,25.93,13.60,4,5
247,,9999,67,,31,,100592,1.67,25.72,13.70,4,5
248,,10000,82,,32,,100592,0.83,25.72,13.28,5,4
249,,10000,73,,32,,100592,0.83,25.71,13.27,4,4
250,,10000,67,,32,,100592,0.83,25.70,13.27,4,4
251,,10761,67,,32,,100592,1.25,25.93,13.59,4,5
252,,9240,67,,33,,100592,1.67,25.71,13.69,4,5
253,,9999,67,,31,,100592,0.83,25.70,13.27,4,5
254,,10000,67,,32,,100592,0.83,25.69,13.26,4,5
255,,10000,67,,32,,100592,0.83,25.71,13.27,4,5
256,,10000,67,,32,,100592,1.25,25.91,13.58,4,4
257,,10760,67,,32,,100592,1.67,25.69,13.68,4,4
258,,9241,67,,33,,100592,0.83,25.69,13.26,4,5
259,,9999,91,,31,,100592,0.83,25.70,13.27,5,5
260,,10000,73,,32,,100592,0.83,25.69,13.26,4,5
261,,10000,67,,32,,100592,1.25,25.93,13.59,4,5
262,,10000,67,,32,,100592,1.67,25.70,13.69,4,5
263,,10760,67,,32,,100592,0.83,25.72,13.28,4,5
264,,9241,67,,33,,100592,0.83,25.71,13.27,4,5
265,,9999,67,,31,,100592,0.83,25.69,13.26,4,4
266,,10000,67,,32,,100592,1.25,25.92,13.59,4,5
267,,10000,67,,32,,100592,1.67,25.72,13.70,4,4
268,,10000,67,,32,,100592,0.83,25.72,13.28,4,5
269,,10761,67,,32,,100592,0.83,25.70,13.27,4,5
270,,9240,82,,33,,100592,0.83,25.71,13.27,4,4
271,,9999,73,,31,,100592,1.25,25.92,13.58,4,5
272,,10000,67,,32,,100592,1.67,25.70,13.69,4,5
273,,10000,67,,32,,100592,0.83,25.72,13.28,4,4
274,,10000,67,,32,,100592,0.83,25.69,13.26,4,4
275,,10761,67,,32,,100592,0.83,25.72,13.28,4,5
276,,9240,67,,33,,100592,1.25,25.92,13.58,4,4
277,,9999,67,,31,,100592,1.67,25.71,13.69,4,5
278,,10000,67,,32,,100592,0.83,25.72,13.28,4,5
279,,10000,67,,32,,100592,0.83,25.70,13.27,4,5
280,,10000,67,,32,,100592,0.83,25.70,13.27,4,5
281,,10761,82,,32,,100592,1.25,25.92,13.58,5,4
282,,9240,73,,34,,100592,1.67,25.73,13.70,4,5
283,,9999,67,,31,,100592,0.83,25.70,13.27,4,5
284,,10000,67,,32,,100592,0.83,25.69,13.26,4,5
285,,10000,67,,32,,100592,0.83,25.70,13.27,4,5
286,,10000,67,,32,,100592,1.25,25.92,13.58,4,5
287,,10761,67,,32,,100592,1.67,25.71,13.69,4,5
288,,9240,67,,33,,100592,0.83,25.71,13.27,4,5
289,,9999,67,,31,,100592,0.83,25.69,13.26,4,5
290,,10000,67,,32,,100592,0.83,25.70,13.27,4,5
291,,10000,67,,32,,100592,1.25,25.92,13.58,4,4
292,,10000,82,,32,,100592,1.67,25.71,13.69,4,4
293,,10760,73,,32,,100592,0.83,25.70,13.27,4,4
294,,9241,67,,33,,100592,0.83,25.72,13.28,4,5
295,,9999,67,,31,,100592,0.83,25.70,13.27,4,5
296,,10000,67,,32,,100592,1.25,25.93,13.59,4,5
297,,10000,67,,32,,100592,1.67,25.71,13.69,4,4
298,,10000,67,,32,,100592,0.83,25.69,13.26,4,4
299,,10761,67,,32,,100592,0.83,25.69,13.26,4,5
300,,9240,67,,33,,100592,0.83,25.72,13.28,4,4
301,,9999,67,,31,,100592,1.25,25.92,13.59,4,4
302,,10000,67,,32,,100592,1.67,25.72,13.70,4,5
303,,10000,82,,32,,100592,0.83,25.72,13.28,5,4
304,,10000,73,,32,,100592,0.83,25.72,13.28,4,5
305,,10761,67,,32,,100592,0.83,25.72,13.28,4,4
306,,9240,67,,33,,100592,1.26,25.92,13.59,4,4
307,,9999,67,,31,,100592,1.67,25.70,13.69,4,5
308,,10000,67,,32,,100592,0.83,25.71,13.27,4,5
309,,10000,67,,32,,100592,0.83,25.72,13.28,4,5
310,,10000,67,,32,,100592,0.83,25.72,13.28,4,5
311,,10760,67,,32,,100592,1.25,25.92,13.59,4,5
312,,9241,67,,34,,100592,1.67,25.69,13.68,4,5
313,,9999,67,,31,,100592,0.83,25.69,13.26,4,4
314,,10000,91,,32,,100592,0.83,25.72,13.28,5,5
315,,10000,73,,32,,100592,0.83,25.71,13.27,4,4
316,,10000,67,,32,,100592,1.25,25.92,13.59,4,5
317,,10761,67,,32,,100592,1.67,25.71,13.69,4,5
318,,9240,67,,33,,100592,0.83,25.70,13.27,4,4
319,,9999,67,,31,,100592,0.83,25.72,13.28,4,5
320,,10000,67,,32,,100592,0.83,25.70,13.27,4,4
321,,10000,67,,32,,100592,1.25,25.92,13.59,4,5
322,,10000,67,,32,,100592,1.67,25.71,13.69,4,4
323,,10761,67,,32,,100592,0.83,25.71,13.27,4,5
324,,9240,67,,33,,100592,0.83,25.70,13.27,4,5
325,,9999,82,,31,,100592,0.83,25.72,13.28,5,4
326,,10000,73,,32,,100592,1.25,25.93,13.59,4,5
327,,10000,67,,32,,100592,1.67,25.70,13.69,4,4
328,,10000,67,,32,,100592,0.83,25.69,13.26,4,5
329,,10760,67,,32,,100592,0.83,25.71,13.27,4,5
330,,9241,67,,33,,100592,0.83,25.70,13.27,4,5
331,,9999,67,,31,,100592,1.25,25.93,13.59,4,5
332,,10000,67,,32,,100592,1.67,25.72,13.70,4,5
333,,10000,67,,32,,100592,0.83,25.71,13.27,4,4
334,,10000,67,,32,,100592,0.83,25.71,13.27,4,5
335,,10761,67,,32,,100592,0.83,25.70,13.27,4,5
336,,9240,82,,33,,100592,1.25,25.93,13.59,4,4
337,,9999,73,,31,,100592,1.67,25.72,13.70,4,5
338,,10000,67,,32,,100592,0.83,25.72,13.28,4,4
339,,10000,67,,32,,100592,0.83,25.71,13.27,4,4
340,,10000,67,,32,,100592,0.83,25.70,13.27,4,5
341,,10760,67,,32,,100592,1.25,25.92,13.59,4,5
342,,9241,67,,34,,100592,1.68,25.72,13.70,4,5
343,,9999,67,,31,,100592,0.83,25.70,13.26,4,5
344,,10000,67,,32,,100592,0.83,25.71,13.27,4,4
345,,10000,67,,32,,100592,0.83,25.71,13.27,4,4
346,,10000,67,,32,,100592,1.25,25.96,13.60,4,5
347,,10760,82,,32,,100592,1.67,25.71,13.69,4,4
348,,9241,73,,33,,100592,0.83,25.69,13.26,4,5
349,,9999,67,,31,,100592,0.83,25.70,13.27,4,5
350,,10000,67,,32,,100592,0.83,25.71,13.27,4,5
351,,10000,67,,32,,100592,1.25,25.92,13.59,4,5
352,,10000,67,,32,,100592,1.67,25.69,13.68,4,5
353,,10761,67,,32,,100592,0.83,25.71,13.27,4,5
354,,9240,67,,34,,100592,0.83,25.73,13.28,4,5
355,,9999,67,,31,,100592,0.83,25.71,13.27,4,5
356,,10000,67,,32,,100592,1.25,25.92,13.59,4,5
357,,10000,67,,32,,100592,1.67,25.72,13.70,4,4
358,,10000,82,,32,,100592,0.83,25.70,13.27,5,4
359,,10760,73,,32,,100592,0.83,25.74,13.29,4,5
360,,9241,67,,33,,100592,0.83,25.72,13.28,4,5
361,,9999,67,,31,,100592,1.25,25.93,13.59,4,5
362,,10000,67,,32,,100592,1.67,25.71,13.69,4,5
363,,10000,67,,32,,100592,0.83,25.71,13.27,4,5
364,,10000,67,,32,,100592,0.83,25.71,13.27,4,4
365,,10761,67,,32,,100592,0.83,25.72,13.28,4,4
366,,9240,67,,33,,100592,1.25,25.92,13.58,4,5
367,,9999,67,,31,,100592,1.67,25.71,13.69,4,5
368,,10000,67,,32,,100592,0.83,25.72,13.28,4,5
369,,10000,91,,32,,100592,0.83,25.70,13.27,5,5
370,,10000,73,,32,,100592,0.83,25.71,13.27,4,4
371,,10760,67,,32,,100592,1.25,25.93,13.59,4,4
372,,9241,67,,34,,100592,1.67,25.70,13.69,4,4
373,,9999,67,,31,,100592,0.83,25.71,13.27,4,5
374,,10000,67,,32,,100592,0.83,25.71,13.27,4,4
375,,10000,67,,32,,100592,0.83,25.70,13.27,4,5
376,,10000,67,,32,,100592,1.25,25.92,13.59,4,5
377,,10760,67,,32,,100592,1.67,25.72,13.70,4,4
378,,9241,67,,33,,100592,0.83,25.70,13.27,4,4
379,,9999,67,,31,,100592,0.83,25.71,13.27,4,5
380,,10000,83,,32,,100592,0.83,25.70,13.27,4,4
381,,10000,73,,32,,100592,1.25,25.92,13.58,4,4
382,,10000,67,,32,,100592,1.67,25.71,13.69,4,4
383,,10761,67,,32,,100592,0.83,25.72,13.28,4,5
384,,9240,67,,34,,100592,0.83,25.72,13.28,4,4
385,,9999,67,,31,,100592,0.83,25.70,13.27,4,5
386,,10000,67,,32,,100592,1.25,25.92,13.59,4,5
387,,10000,67,,32,,100592,1.67,25.72,13.70,4,5
388,,10000,67,,32,,100592,0.83,25.71,13.27,4,5
389,,10761,67,,32,,100592,0.83,25.71,13.27,4,4
390,,9240,67,,33,,100592,0.83,25.71,13.27,4,5
391,,9999,82,,31,,100592,1.25,25.93,13.59,5,4
392,,10000,73,,32,,100592,1.67,25.72,13.70,4,5
393,,10000,67,,32,,100592,0.83,25.69,13.26,4,5
394,,10000,67,,32,,100592,0.83,25.72,13.28,4,5
395,,10760,67,,32,,100592,0.83,25.69,13.26,4,4
396,,9241,67,,34,,100592,1.26,25.95,13.60,4,4
397,,9999,67,,31,,100592,1.67,25.72,13.70,4,5
398,,10000,67,,32,,100592,0.83,25.70,13.27,4,4
399,,10000,67,,32,,100592,0.83,25.69,13.26,4,4
400,,10000,67,,32,,100592,0.83,25.71,13.27,4,4
401,,10761,67,,32,,100592,1.25,25.93,13.59,4,5
402,,9240,82,,33,,100592,1.67,25.71,13.69,4,4
403,,9999,73,,31,,100592,0.83,25.72,13.28,4,5
404,,10000,67,,32,,100592,0.83,25.72,13.28,4,4
405,,10000,67,,32,,100592,0.83,25.71,13.27,4,4
406,,10000,67,,32,,100592,1.25,25.93,13.59,4,4
407,,10761,67,,32,,100592,1.67,25.70,13.69,4,4
408,,9240,67,,34,,100592,0.83,25.72,13.28,4,5
409,,9999,67,,31,,100592,0.83,25.72,13.28,4,4
410,,10000,67,,32,,100592,0.83,25.72,13.28,4,4
411,,10000,67,,32,,100592,1.25,25.92,13.58,4,4
412,,10000,67,,32,,100592,1.67,25.72,13.70,4,5
413,,10761,82,,32,,100592,0.83,25.69,13.26,4,4
414,,9240,73,,33,,100592,0.83,25.71,13.27,4,4
415,,9999,67,,31,,100592,0.83,25.71,13.27,4,4
416,,10000,67,,32,,100592,1.25,25.92,13.59,4,4
417,,10000,67,,32,,100592,1.67,25.70,13.69,4,5
418,,10000,67,,32,,100592,0.83,25.71,13.27,4,5
419,,10761,67,,32,,100592,0.83,25.72,13.28,4,5
420,,9240,67,,33,,100592,0.83,25.71,13.27,4,4
421,,9999,67,,31,,100592,1.25,25.94,13.60,4,5
422,,10000,67,,32,,100592,1.67,25.73,13.70,4,5
423,,10000,67,,32,,100592,0.83,25.72,13.28,4,5
424,,10000,91,,32,,100592,0.83,25.72,13.28,5,5
425,,10760,73,,32,,100592,0.83,25.72,13.28,4,4
426,,9241,67,,34,,100592,1.26,25.92,13.59,4,5
427,,9999,67,,31,,100592,1.67,25.71,13.69,4,5
428,,10000,67,,32,,100592,0.83,25.71,13.27,4,5
429,,10000,67,,32,,100592,0.83,25.70,13.27,4,4
430,,10000,67,,32,,100592,0.83,25.69,13.26,4,5
431,,10760,67,,32,,100592,1.25,25.91,13.58,4,5
432,,9241,67,,33,,100592,1.67,25.71,13.69,4,4
433,,9999,67,,31,,100592,0.83,25.72,13.28,4,5
434,,10000,67,,32,,100592,0.83,25.70,13.27,4,4
435,,10000,82,,32,,100592,0.83,25.71,13.27,4,4
436,,10000,73,,32,,100592,1.25,25.95,13.60,4,5
437,,10760,67,,32,,100592,1.67,25.70,13.69,4,5
438,,9241,67,,33,,100592,0.83,25.69,13.26,4,5
439,,9999,67,,31,,100592,0.83,25.70,13.27,4,5
440,,10000,67,,32,,100592,0.83,25.72,13.28,4,5
441,,10000,67,,32,,100592,1.25,25.93,13.59,4,5
442,,10000,67,,32,,100592,1.67,25.70,13.69,4,5
443,,10761,67,,32,,100592,0.83,25.71,13.27,4,5
444,,9240,67,,33,,100592,0.83,25.71,13.27,4,5
445,,9999,67,,31,,100592,0.83,25.70,13.27,4,4
446,,10000,83,,32,,100592,1.25,25.92,13.59,4,4
447,,10000,73,,32,,100592,1.67,25.71,13.69,4,5
448,,10000,67,,32,,100592,0.83,25.70,13.27,4,5
449,,10761,67,,32,,100592,0.83,25.70,13.27,4,4
450,,9240,67,,33,,100592,0.83,25.71,13.27,4,5
451,,9999,67,,31,,100592,1.25,25.93,13.59,4,5
452,,10000,67,,32,,100592,1.67,25.72,13.70,4,4
453,,10000,67,,32,,100592,0.83,25.69,13.26,4,5
454,,10000,67,,32,,100592,0.83,25.72,13.28,4,5
455,,10760,67,,32,,100592,0.83,25.70,13.27,4,4
456,,9241,67,,33,,100592,1.25,25.93,13.59,4,5
457,,9999,82,,31,,100592,1.67,25.70,13.69,4,4
458,,10000,73,,32,,100592,0.83,25.69,13.26,4,4
459,,10000,67,,32,,100592,0.83,25.72,13.28,4,4
460,,10000,67,,32,,100592,0.83,25.70,13.27,4,5
461,,10761,67,,32,,100592,1.25,25.92,13.59,4,4
462,,9240,67,,33,,100592,1.67,25.71,13.69,4,4
463,,9999,67,,31,,100592,0.83,25.71,13.27,4,4
464,,10000,67,,32,,100592,0.83,25.70,13.27,4,5
465,,10000,67,,32,,100592,0.83,25.70,13.27,4,5
466,,10000,67,,32,,100592,1.25,25.92,13.59,4,4
467,,10760,67,,32,,100592,1.67,25.71,13.69,4,5
468,,9241,82,,34,,100592,0.83,25.72,13.28,4,4
469,,9999,73,,31,,100592,0.83,25.74,13.29,4,4
470,,10000,67,,32,,100592,0.83,25.71,13.27,4,4
471,,10000,67,,32,,100592,1.25,25.92,13.59,4,5
472,,10000,67,,32,,100592,1.67,25.71,13.69,4,4
473,,10761,67,,32,,100592,0.83,25.69,13.26,4,4
474,,9240,67,,33,,100592,0.83,25.71,13.27,4,4
475,,9999,67,,31,,100592,0.83,25.72,13.28,4,4
476,,10000,67,,32,,100592,1.26,25.92,13.59,4,4
477,,10000,67,,32,,100592,1.67,25.70,13.69,4,5
478,,10000,67,,32,,100592,0.83,25.72,13.28,4,4
479,,10760,91,,32,,100592,0.83,25.72,13.28,5,5
480,,9241,73,,33,,100592,0.83,25.70,13.27,4,5
481,,9999,67,,31,,100592,1.25,25.93,13.59,4,5
482,,10000,67,,32,,100592,1.67,25.72,13.70,4,5
483,,10000,67,,32,,100592,0.83,25.72,13.28,4,4
484,,10000,67,,32,,100592,0.83,25.69,13.26,4,4
485,,10761,67,,32,,100592,0.83,25.71,13.27,4,5
486,,9240,67,,33,,100592,1.25,25.92,13.59,4,4
487,,9999,67,,31,,100592,1.67,25.72,13.70,4,5
488,,10000,67,,32,,100592,0.83,25.72,13.28,4,5
489,,10000,67,,32,,100592,0.83,25.70,13.27,4,5
490,,10000,82,,32,,100592,0.83,25.70,13.27,5,4
491,,10761,73,,32,,100592,1.25,25.92,13.59,4,5
492,,9240,67,,34,,100592,1.67,25.70,13.69,4,5
493,,9999,67,,31,,100592,0.83,25.72,13.28,4,4
494,,10000,67,,32,,100592,0.83,25.70,13.27,4,4
495,,10000,67,,32,,100592,0.83,25.71,13.27,4,5
496,,10000,67,,32,,100592,1.25,25.92,13.58,4,5
497,,10761,67,,32,,100592,1.67,25.71,13.69,4,5
498,,9240,67,,34,,100592,0.83,25.70,13.27,4,4
499,,10761,67,,31,,100592,0.83,25.70,13.27,4,5