index, exec_time_us, loop_time_us, adc_time_us, heater_time_us, temp_get_time_us, e2e_time_us, free_heap, cpu_core0, cpu_core1, cpu_overall, temp_mutex_wait, metrics_mutex_wait
    0,     98372711,        10834,          88,             82,               77,       16982,     85588,      6.10,     27.17,       16.63,               8,                 16
    1,             ,        10008,          88,             79,               71,       16995,     85588,      0.00,     28.91,       14.45,               8,                 16
    2,             ,        10000,          88,             79,               71,       16995,     85588,      0.00,     28.90,       14.45,               8,                 16
    3,             ,        10000,          88,             78,               71,       16995,     85588,      0.00,     28.89,       14.45,               8,                 16
    4,             ,         9996,          97,             79,               71,       16995,     85588,      0.00,     29.96,       14.98,               8,                 16
    5,             ,        11162,          96,             78,               72,        4995,     85588,      6.10,     27.17,       16.63,               8,                 17
    6,             ,        10834,          88,             79,               77,            ,     85588,      0.00,     28.91,       14.45,               8,                 16
    7,             ,        10008,          92,             78,               71,            ,     85588,      0.00,     28.90,       14.45,               8,                 16
    8,             ,        10000,          86,             79,               71,            ,     85588,      0.00,     28.90,       14.45,               8,                 16
    9,             ,        10000,          88,             79,               71,            ,     85588,      0.00,     29.96,       14.98,               8,                 16
   10,             ,         9996,          88,             79,               71,            ,     85588,      6.10,     27.18,       16.64,               8,                 16
   11,             ,        11162,          88,             78,               72,            ,     85588,      0.00,     28.91,       14.45,               8,                 16
   12,             ,        10834,          97,               ,               77,            ,     85588,      0.00,     28.90,       14.45,               8,                 16
   13,             ,        10008,          96,               ,               71,            ,     85588,      0.00,     28.90,       14.45,               8,                 16
   14,             ,        10000,          88,               ,               71,            ,     85588,      0.00,     29.98,       14.99,               8,                 16
   15,             ,        10000,          88,               ,               71,            ,     85588,      6.10,     27.17,       16.63,               8,                 16
   16,             ,         9996,          88,               ,               71,            ,     85588,      0.00,     28.91,       14.45,               8,                 16
   17,             ,        11162,          92,               ,               72,            ,     85588,      0.00,     28.91,       14.45,               8,                 16
   18,             ,        10834,          86,               ,               77,            ,     85588,      0.00,     28.91,       14.45,               8,                 16
   19,             ,        10008,          88,               ,               71,            ,     85588,      0.00,     29.97,       14.98,               8,                 16
   20,             ,        10000,          97,               ,               71,            ,     85588,      6.10,     27.17,       16.63,               8,                 16
   21,             ,        10000,          96,               ,               71,            ,     85588,      0.00,     28.90,       14.45,               8,                 16
   22,             ,         9996,          88,               ,               71,            ,     85588,      0.00,     28.90,       14.45,               8,                 16
   23,             ,        11162,          88,               ,               72,            ,     85588,      0.00,     28.90,       14.45,               8,                 16
   24,             ,        10834,          88,               ,               78,            ,     85588,      0.00,     29.97,       14.98,               8,                 17
   25,             ,        10008,          88,               ,               71,            ,     85588,      6.10,     27.16,       16.63,               8,                 16
   26,             ,        10000,          88,               ,               71,            ,     85588,      0.00,     28.90,       14.45,               8,                 16
   27,             ,        10000,          92,               ,               71,            ,     85588,      0.00,     28.91,       14.45,               8,                 16
   28,             ,         9996,          99,               ,               71,            ,     85588,      0.00,     28.89,       14.45,               8,                 16
   29,             ,        11162,          96,               ,               72,            ,     85588,      0.00,     29.96,       14.98,               8,                 16
   30,             ,        10834,          88,               ,               78,            ,     85588,      6.10,     27.16,       16.63,               8,                 16
   31,             ,        10008,          88,               ,               71,            ,     85588,      0.00,     28.90,       14.45,               8,                 16
   32,             ,        10000,          88,               ,               71,            ,     85588,      0.00,     28.90,       14.45,               8,                 16
   33,             ,        10000,          88,               ,               71,            ,     85588,      0.00,     28.89,       14.45,               8,                 16
   34,             ,         9996,          88,               ,               71,            ,     85588,      0.00,     29.98,       14.99,               8,                 16
   35,             ,        11162,          88,               ,               72,            ,     85588,      6.10,     27.16,       16.63,               8,                 16
   36,             ,        10834,          88,               ,               78,            ,     85588,      0.00,     28.90,       14.45,               8,                 16
   37,             ,        10008,          92,               ,               71,            ,     85588,      0.00,     28.92,       14.46,               9,                 16
   38,             ,        10000,          95,               ,               71,            ,     85588,      0.00,     28.89,       14.45,               8,                 16
   39,             ,        10000,          94,               ,               71,            ,     85588,      0.00,     29.97,       14.98,               8,                 16
   40,             ,         9996,          88,               ,               71,            ,     85588,      6.10,     27.16,       16.63,               8,                 16
   41,             ,        11162,          88,               ,               72,            ,     85588,      0.00,     28.90,       14.45,               8,                 16
   42,             ,        10834,          88,               ,               77,            ,     85588,      0.00,     28.91,       14.45,               8,                 16
   43,             ,        10008,          88,               ,               71,            ,     85588,      0.00,     28.89,       14.45,               8,                 17
   44,             ,        10000,          88,               ,               71,            ,     85588,      0.00,     29.97,       14.98,               8,                 16
   45,             ,        10000,          88,               ,               71,            ,     85588,      6.10,     27.17,       16.63,               8,                 16
   46,             ,         9996,          88,               ,               71,            ,     85588,      0.00,     28.89,       14.45,               8,                 16
   47,             ,        11162,          88,               ,               72,            ,     85588,      0.00,     28.90,       14.45,               8,                 16
   48,             ,        10834,          92,               ,               77,            ,     85588,      0.00,     28.89,       14.45,               8,                 16
   49,             ,        10008,          93,               ,               71,            ,     85588,      0.00,     29.98,       14.99,               8,                 16
   50,             ,        10000,          94,               ,               71,            ,     85588,      6.10,     27.17,       16.63,               8,                 16
   51,             ,        10000,          88,               ,               71,            ,     85588,      0.00,     28.90,       14.45,               8,                 17
   52,             ,         9996,          88,               ,               71,            ,     85588,      0.00,     28.91,       14.45,               8,                 16
   53,             ,        11162,          88,               ,               72,            ,     85588,      0.00,     28.91,       14.45,               8,                 16
   54,             ,        10834,          88,               ,               77,            ,     85588,      0.00,     29.97,       14.98,               8,                 16
   55,             ,        10008,          88,               ,               71,            ,     85588,      6.10,     27.17,       16.63,               8,                 16
   56,             ,        10000,          97,               ,               71,            ,     85588,      0.00,     28.91,       14.45,               8,                 16
   57,             ,        10000,          96,               ,               71,            ,     85588,      0.00,     28.90,       14.45,               8,                 16
   58,             ,         9996,          88,               ,               71,            ,     85588,      0.00,     28.89,       14.45,               8,                 16
   59,             ,        11162,          92,               ,               72,            ,     85588,      0.00,     29.97,       14.98,               8,                 17
   60,             ,        10834,          86,               ,               78,            ,     85588,      6.10,     27.17,       16.63,               8,                 16
   61,             ,        10008,          88,               ,               71,            ,     85588,      0.00,     28.91,       14.45,               8,                 16
   62,             ,        10000,          88,               ,               71,            ,     85588,      0.00,     28.90,       14.45,               8,                 16
   63,             ,        10000,          88,               ,               71,            ,     85588,      0.00,     28.89,       14.45,               8,                 16
   64,             ,         9996,          96,               ,               71,            ,     85588,      0.00,     29.97,       14.98,               8,                 16
   65,             ,        11162,          96,               ,               72,            ,     85588,      6.10,     27.17,       16.63,               8,                 16
   66,             ,        10834,          88,               ,               78,            ,     85588,      0.00,     28.90,       14.45,               8,                 16
   67,             ,        10008,          88,               ,               71,            ,     85588,      0.00,     28.90,       14.45,               8,                 17
   68,             ,        10000,          88,               ,               71,            ,     85588,      0.00,     28.89,       14.45,               8,                 16
   69,             ,        10000,          92,               ,               71,            ,     85588,      0.00,     29.96,       14.98,               8,                 16
   70,             ,         9996,          86,               ,               71,            ,     85588,      6.10,     27.17,       16.63,               8,                 16
   71,             ,        11162,          88,               ,               72,            ,     85588,      0.00,     28.91,       14.45,               8,                 16
   72,             ,        10834,          97,               ,               78,            ,     85588,      0.00,     28.90,       14.45,               8,                 16
   73,             ,        10008,          96,               ,               71,            ,     85588,      0.00,     28.89,       14.45,               8,                 16
   74,             ,        10000,          88,               ,               71,            ,     85588,      0.00,     29.97,       14.98,               8,                 16
   75,             ,        10000,          88,               ,               71,            ,     85588,      6.10,     27.16,       16.63,               8,                 16
   76,             ,         9996,          88,               ,               71,            ,     85588,      0.00,     28.89,       14.45,               8,                 16
   77,             ,        11162,          88,               ,               72,            ,     85588,      0.00,     28.89,       14.45,               8,                 16
   78,             ,        10834,          88,               ,               78,            ,     85588,      0.00,     28.89,       14.45,               8,                 16
   79,             ,        10008,          92,               ,               71,            ,     85588,      0.00,     29.97,       14.98,               8,                 16
   80,             ,        10000,          99,               ,               71,            ,     85588,      6.10,     27.17,       16.63,               8,                 16
   81,             ,        10000,          96,               ,               71,            ,     85588,      0.00,     28.90,       14.45,               8,                 16
   82,             ,         9996,          88,               ,               71,            ,     85588,      0.00,     28.91,       14.45,               8,                 16
   83,             ,        11162,          88,               ,               72,            ,     85588,      0.00,     28.89,       14.45,               8,                 16
   84,             ,        10834,          88,               ,               78,            ,     85588,      0.00,     29.97,       14.98,               8,                 16
   85,             ,        10008,          88,               ,               71,            ,     85588,      6.10,     27.18,       16.64,               8,                 16
   86,             ,        10000,          88,               ,               71,            ,     85588,      0.00,     28.91,       14.45,               8,                 16
   87,             ,        10000,          88,               ,               71,            ,     85588,      0.00,     28.90,       14.45,               8,                 16
   88,             ,         9996,          88,               ,               71,            ,     85588,      0.00,     28.89,       14.45,               8,                 16
   89,             ,        11162,          92,               ,               72,            ,     85588,      0.00,     29.96,       14.98,               8,                 16
   90,             ,        10834,          95,               ,               77,            ,     85588,      6.10,     27.17,       16.63,               9,                 16
   91,             ,        10008,          94,               ,               71,            ,     85588,      0.00,     28.90,       14.45,               8,                 16
   92,             ,        10000,          88,               ,               71,            ,     85588,      0.00,     28.90,       14.45,               8,                 16
   93,             ,        10000,          88,               ,               71,            ,     85588,      0.00,     28.90,       14.45,               8,                 16
   94,             ,         9996,          88,               ,               71,            ,     85588,      0.00,     29.96,       14.98,               8,                 17
   95,             ,        11162,          88,               ,               72,            ,     85588,      6.10,     27.17,       16.63,               8,                 16
   96,             ,        10834,          88,               ,               77,            ,     85588,      0.00,     28.90,       14.45,               8,                 16
   97,             ,        10008,          88,               ,               71,            ,     85588,      0.00,     28.90,       14.45,               8,                 16
   98,             ,        10000,          88,               ,               71,            ,     85588,      0.00,     28.89,       14.45,               8,                 16
   99,             ,        10000,          88,               ,               71,            ,     85588,      0.00,     29.97,       14.98,               8,                 16
  100,             ,         9996,          92,               ,               71,            ,     85588,      6.10,     27.17,       16.63,               8,                 16
  101,             ,        11162,          94,               ,               72,            ,     85588,      0.00,     28.89,       14.45,               8,                 16
  102,             ,        10834,          94,               ,               77,            ,     85588,      0.00,     28.90,       14.45,               8,                 17
  103,             ,        10008,          88,               ,               71,            ,     85588,      0.00,     28.90,       14.45,               8,                 16
  104,             ,        10000,          88,               ,               71,            ,     85588,      0.00,     29.96,       14.98,               8,                 16
  105,             ,        10000,          88,               ,               71,            ,     85588,      6.10,     27.17,       16.63,               8,                 16
  106,             ,         9996,          88,               ,               71,            ,     85588,      0.00,     28.91,       14.45,               8,                 16
  107,             ,        11162,          88,               ,               72,            ,     85588,      0.00,     28.90,       14.45,               8,                 16
  108,             ,        10834,          97,               ,               77,            ,     85588,      0.00,     28.89,       14.45,               8,                 16
  109,             ,        10008,          96,               ,               71,            ,     85588,      0.00,     29.97,       14.98,               8,                 16
  110,             ,        10000,          88,               ,               71,            ,     85588,      6.10,     27.18,       16.64,               8,                 16
  111,             ,        10000,          92,               ,               71,            ,     85588,      0.00,     28.90,       14.45,               8,                 16
  112,             ,         9996,          86,               ,               71,            ,     85588,      0.00,     28.91,       14.45,               8,                 16
  113,             ,        11162,          88,               ,               72,            ,     85588,      0.00,     28.89,       14.45,               8,                 16
  114,             ,        10834,          88,               ,               78,            ,     85588,      0.00,     29.97,       14.98,               8,                 16
  115,             ,        10008,          88,               ,               71,            ,     85588,      6.10,     27.18,       16.64,               8,                 16
  116,             ,        10000,          97,               ,               71,            ,     85588,      0.00,     28.90,       14.45,               8,                 16
  117,             ,        10000,          96,               ,               71,            ,     85588,      0.00,     28.90,       14.45,               8,                 16
  118,             ,         9996,          88,               ,               71,            ,     85588,      0.00,     28.90,       14.45,               8,                 16
  119,             ,        11162,          88,               ,               72,            ,     85588,      0.00,     29.97,       14.98,               8,                 16
  120,             ,        10834,          88,               ,               77,            ,     85588,      6.10,     27.17,       16.63,               8,                 16
  121,             ,        10008,          92,               ,               71,            ,     85588,      0.00,     28.90,       14.45,               8,                 16
  122,             ,        10000,          86,               ,               71,            ,     85588,      0.00,     28.90,       14.45,               8,                 16
  123,             ,        10000,          88,               ,               71,            ,     85588,      0.00,     28.89,       14.45,               8,                 16
  124,             ,         9996,          97,               ,               71,            ,     85588,      0.00,     29.97,       14.98,               8,                 16
  125,             ,        11162,          96,               ,               72,            ,     85588,      6.10,     27.17,       16.63,               8,                 17
  126,             ,        10834,          88,               ,               78,            ,     85588,      0.00,     28.91,       14.45,               8,                 16
  127,             ,        10008,          88,               ,               71,            ,     85588,      0.00,     28.90,       14.45,               8,                 16
  128,             ,        10000,          88,               ,               71,            ,     85588,      0.00,     28.89,       14.45,               8,                 16
  129,             ,        10000,          88,               ,               71,            ,     85588,      0.00,     29.97,       14.98,               8,                 16
  130,             ,         9996,          88,               ,               71,            ,     85588,      6.10,     27.17,       16.63,               8,                 16
  131,             ,        11162,          92,               ,               72,            ,     85588,      0.00,     28.90,       14.45,               8,                 16
  132,             ,        10834,          99,               ,               77,            ,     85588,      0.00,     28.91,       14.45,               8,                 16
  133,             ,        10008,          96,               ,               71,            ,     85588,      0.00,     28.89,       14.45,               8,                 16
  134,             ,        10000,          88,               ,               71,            ,     85588,      0.00,     29.97,       14.98,               8,                 16
  135,             ,        10000,          88,               ,               71,            ,     85588,      6.10,     27.17,       16.63,               8,                 16
  136,             ,         9996,          88,               ,               71,            ,     85588,      0.00,     28.90,       14.45,               8,                 16
  137,             ,        11162,          88,               ,               72,            ,     85588,      0.00,     28.90,       14.45,               8,                 16
  138,             ,        10834,          88,               ,               77,            ,     85588,      0.00,     28.90,       14.45,               8,                 16
  139,             ,        10008,          88,               ,               71,            ,     85588,      0.00,     29.97,       14.98,               8,                 17
  140,             ,        10000,          88,               ,               71,            ,     85588,      6.10,     27.18,       16.64,               8,                 16
  141,             ,        10000,          91,               ,               71,            ,     85588,      0.00,     28.91,       14.45,               8,                 16
  142,             ,         9996,          95,               ,               71,            ,     85588,      0.00,     28.89,       14.45,               9,                 16
  143,             ,        11162,          94,               ,               72,            ,     85588,      0.00,     28.89,       14.45,               8,                 16
  144,             ,        10834,          88,               ,               78,            ,     85588,      0.00,     29.97,       14.98,               8,                 16
  145,             ,        10008,          88,               ,               71,            ,     85588,      6.10,     27.18,       16.64,               8,                 17
  146,             ,        10000,          88,               ,               71,            ,     85588,      0.00,     28.92,       14.46,               8,                 16
  147,             ,        10000,          88,               ,               71,            ,     85588,      0.00,     28.90,       14.45,               8,                 16
  148,             ,         9996,          88,               ,               71,            ,     85588,      0.00,     28.89,       14.45,               8,                 16
  149,             ,        11162,          88,               ,               72,            ,     85588,      0.00,     29.98,       14.99,               8,                 16
  150,             ,        10834,          88,               ,               78,            ,     85588,      6.10,     27.18,       16.64,               8,                 16
  151,             ,        10008,          88,               ,               71,            ,     85588,      0.00,     28.90,       14.45,               8,                 16
  152,             ,        10000,          92,               ,               71,            ,     85588,      0.00,     28.91,       14.45,               8,                 16
  153,             ,        10000,          94,               ,               71,            ,     85588,      0.00,     28.89,       14.45,               8,                 16
  154,             ,         9996,          94,               ,               71,            ,     85588,      0.00,     29.97,       14.98,               8,                 16
  155,             ,        11162,          88,               ,               72,            ,     85588,      6.10,     27.16,       16.63,               8,                 16
  156,             ,        10834,          88,               ,               77,            ,     85588,      0.00,     28.90,       14.45,               8,                 16
  157,             ,        10008,          88,               ,               71,            ,     85588,      0.00,     28.91,       14.45,               8,                 16
  158,             ,        10000,          88,               ,               71,            ,     85588,      0.00,     28.89,       14.45,               8,                 16
  159,             ,        10000,          88,               ,               71,            ,     85588,      0.00,     29.96,       14.98,               8,                 16
  160,             ,         9996,          97,               ,               71,            ,     85588,      6.10,     27.16,       16.63,               8,                 16
  161,             ,        11162,          96,               ,               72,            ,     85588,      0.00,     28.91,       14.45,               8,                 16
  162,             ,        10834,          88,               ,               77,            ,     85588,      0.00,     28.90,       14.45,               8,                 16
  163,             ,        10008,          92,               ,               71,            ,     85588,      0.00,     28.89,       14.45,               8,                 16
  164,             ,        10000,          86,               ,               71,            ,     85588,      0.00,     29.97,       14.98,               8,                 16
  165,             ,        10000,          88,               ,               71,            ,     85588,      6.10,     27.17,       16.63,               8,                 16
  166,             ,         9996,          88,               ,               71,            ,     85588,      0.00,     28.90,       14.45,               8,                 16
  167,             ,        11162,          88,               ,               72,            ,     85588,      0.00,     28.90,       14.45,               8,                 16
  168,             ,        10834,          96,               ,               77,            ,     85588,      0.00,     28.90,       14.45,               8,                 16
  169,             ,        10008,          96,               ,               71,            ,     85588,      0.00,     29.96,       14.98,               8,                 17
  170,             ,        10000,          88,               ,               71,            ,     85588,      6.10,     27.19,       16.64,               8,                 16
  171,             ,        10000,          88,               ,               71,            ,     85588,      0.00,     28.90,       14.45,               8,                 16
  172,             ,         9996,          88,               ,               71,            ,     85588,      0.00,     28.90,       14.45,               8,                 16
  173,             ,        11162,          92,               ,               72,            ,     85588,      0.00,     28.91,       14.45,               8,                 16
  174,             ,        10834,          86,               ,               77,            ,     85588,      0.00,     29.97,       14.98,               8,                 16
  175,             ,        10008,          88,               ,               71,            ,     85588,      6.10,     27.17,       16.63,               8,                 16
  176,             ,        10000,          96,               ,               71,            ,     85588,      0.00,     28.89,       14.45,               8,                 16
  177,             ,        10000,          96,               ,               71,            ,     85588,      0.00,     28.90,       14.45,               8,                 16
  178,             ,         9996,          88,               ,               71,            ,     85588,      0.00,     28.89,       14.45,               8,                 16
  179,             ,        11162,          88,               ,               72,            ,     85588,      0.00,     29.96,       14.98,               8,                 16
  180,             ,        10834,          88,               ,               78,            ,     85588,      6.10,     27.18,       16.64,               8,                 16
  181,             ,        10008,          88,               ,               71,            ,     85588,      0.00,     28.91,       14.45,               8,                 16
  182,             ,        10000,          88,               ,               71,            ,     85588,      0.00,     28.90,       14.45,               8,                 16
  183,             ,        10000,          92,               ,               71,            ,     85588,      0.00,     28.89,       14.45,               8,                 16
  184,             ,         9996,          99,               ,               71,            ,     85588,      0.00,     29.97,       14.98,               8,                 16
  185,             ,        11162,          96,               ,               72,            ,     85588,      6.10,     27.19,       16.64,               8,                 16
  186,             ,        10834,          88,               ,               78,            ,     85588,      0.00,     28.93,       14.46,               8,                 16
  187,             ,        10008,          88,               ,               71,            ,     85588,      0.00,     28.91,       14.45,               8,                 16
  188,             ,        10000,          88,               ,               71,            ,     85588,      0.00,     28.89,       14.45,               8,                 16
  189,             ,        10000,          88,               ,               71,            ,     85588,      0.00,     29.97,       14.98,               8,                 16
  190,             ,         9996,          88,               ,               71,            ,     85588,      6.10,     27.16,       16.63,               8,                 16
  191,             ,        11162,          88,               ,               72,            ,     85588,      0.00,     28.90,       14.45,               8,                 16
  192,             ,        10834,          88,               ,               77,            ,     85588,      0.00,     28.90,       14.45,               8,                 16
  193,             ,        10008,          91,               ,               71,            ,     85588,      0.00,     28.89,       14.45,               8,                 16
  194,             ,        10000,          95,               ,               71,            ,     85588,      0.00,     29.96,       14.98,               8,                 17
  195,             ,        10000,          94,               ,               71,            ,     85588,      6.10,     27.17,       16.63,               8,                 16
  196,             ,         9996,          88,               ,               71,            ,     85588,      0.00,     28.90,       14.45,               8,                 16
  197,             ,        11162,          88,               ,               72,            ,     85588,      0.00,     28.90,       14.45,               8,                 16
  198,             ,        10834,          88,               ,               78,            ,     85588,      0.00,     28.89,       14.45,               8,                 16
  199,             ,        10008,          88,               ,               71,            ,     85588,      0.00,     29.98,       14.99,               8,                 16
  200,             ,        10000,          88,               ,               71,            ,     85588,      6.10,     27.17,       16.63,               8,                 16
  201,             ,        10000,          88,               ,               71,            ,     85588,      0.00,     28.90,       14.45,               8,                 16
  202,             ,         9996,          88,               ,               71,            ,     85588,      0.00,     28.90,       14.45,               8,                 16
  203,             ,        11162,          88,               ,               72,            ,     85588,      0.00,     28.89,       14.45,               8,                 16
  204,             ,        10834,          92,               ,               78,            ,     85588,      0.00,     29.97,       14.98,               8,                 16
  205,             ,        10008,          94,               ,               71,            ,     85588,      6.10,     27.16,       16.63,               8,                 16
  206,             ,        10000,          94,               ,               71,            ,     85588,      0.00,     28.91,       14.45,               8,                 16
  207,             ,        10000,          88,               ,               71,            ,     85588,      0.00,     28.91,       14.45,               8,                 16
  208,             ,         9996,          88,               ,               71,            ,     85588,      0.00,     28.90,       14.45,               8,                 16
  209,             ,        11162,          88,               ,               72,            ,     85588,      0.00,     29.98,       14.99,               8,                 16
  210,             ,        10834,          88,               ,               77,            ,     85588,      6.10,     27.16,       16.63,               8,                 16
  211,             ,        10008,          88,               ,               71,            ,     85588,      0.00,     28.92,       14.46,               8,                 16
  212,             ,        10000,          97,               ,               71,            ,     85588,      0.00,     28.89,       14.45,               8,                 16
  213,             ,        10000,          96,               ,               71,            ,     85588,      0.00,     28.90,       14.45,               8,                 16
  214,             ,         9996,          88,               ,               71,            ,     85588,      0.00,     29.97,       14.98,               8,                 16
  215,             ,        11162,          91,               ,               72,            ,     85588,      6.10,     27.17,       16.63,               8,                 16
  216,             ,        10834,          86,               ,               78,            ,     85588,      0.00,     28.90,       14.45,               8,                 16
  217,             ,        10008,          88,               ,               71,            ,     85588,      0.00,     28.90,       14.45,               8,                 16
  218,             ,        10000,          88,               ,               71,            ,     85588,      0.00,     28.89,       14.45,               8,                 16
  219,             ,        10000,          88,               ,               71,            ,     85588,      0.00,     29.96,       14.98,               8,                 16
  220,             ,         9996,          97,               ,               71,            ,     85588,      6.10,     27.17,       16.63,               8,                 16
  221,             ,        11162,          96,               ,               72,            ,     85588,      0.00,     28.90,       14.45,               8,                 16
  222,             ,        10834,          88,               ,               77,            ,     85588,      0.00,     28.91,       14.45,               8,                 16
  223,             ,        10008,          88,               ,               71,            ,     85588,      0.00,     28.89,       14.45,               8,                 16
  224,             ,        10000,          88,               ,               71,            ,     85588,      0.00,     29.96,       14.98,               8,                 17
  225,             ,        10000,          92,               ,               71,            ,     85588,      6.10,     27.17,       16.63,               8,                 16
  226,             ,         9996,          86,               ,               71,            ,     85588,      0.00,     28.89,       14.45,               8,                 17
  227,             ,        11162,          88,               ,               72,            ,     85588,      0.00,     28.92,       14.46,               8,                 16
  228,             ,        10834,          97,               ,               77,            ,     85588,      0.00,     28.89,       14.45,               8,                 16
  229,             ,        10008,          96,               ,               71,            ,     85588,      0.00,     29.98,       14.99,               8,                 16
  230,             ,        10000,          88,               ,               71,            ,     85588,      6.10,     27.18,       16.64,               8,                 16
  231,             ,        10000,          88,               ,               71,            ,     85588,      0.00,     28.92,       14.46,               8,                 16
  232,             ,         9996,          88,               ,               71,            ,     85588,      0.00,     28.90,       14.45,               8,                 16
  233,             ,        11162,          88,               ,               72,            ,     85588,      0.00,     28.90,       14.45,               8,                 16
  234,             ,        10834,          88,               ,               77,            ,     85588,      0.00,     29.97,       14.98,               8,                 16
  235,             ,        10008,          92,               ,               71,            ,     85588,      6.10,     27.17,       16.63,               9,                 16
  236,             ,        10000,          99,               ,               71,            ,     85588,      0.00,     28.89,       14.45,               8,                 16
  237,             ,        10000,          96,               ,               71,            ,     85588,      0.00,     28.90,       14.45,               8,                 16
  238,             ,         9996,          88,               ,               71,            ,     85588,      0.00,     28.89,       14.45,               8,                 16
  239,             ,        11162,          88,               ,               72,            ,     85588,      0.00,     29.96,       14.98,               8,                 16
  240,             ,        10834,          88,               ,               77,            ,     85588,      6.10,     27.17,       16.63,               8,                 16
  241,             ,        10008,          88,               ,               71,            ,     85588,      0.00,     28.91,       14.45,               8,                 16
  242,             ,        10000,          88,               ,               71,            ,     85588,      0.00,     28.90,       14.45,               8,                 16
  243,             ,        10000,          88,               ,               71,            ,     85588,      0.00,     28.89,       14.45,               8,                 16
  244,             ,         9996,          88,               ,               71,            ,     85588,      0.00,     29.96,       14.98,               8,                 16
  245,             ,        11162,          91,               ,               72,            ,     85588,      6.10,     27.17,       16.63,               8,                 16
  246,             ,        10834,          95,               ,               78,            ,     85588,      0.00,     28.90,       14.45,               8,                 16
  247,             ,        10008,          94,               ,               71,            ,     85588,      0.00,     28.91,       14.45,               8,                 16
  248,             ,        10000,          88,               ,               71,            ,     85588,      0.00,     28.90,       14.45,               8,                 16
  249,             ,        10000,          88,               ,               71,            ,     85588,      0.00,     29.96,       14.98,               8,                 16
  250,             ,         9996,          88,               ,               71,            ,     85588,      6.10,     27.17,       16.63,               8,                 16
  251,             ,        11163,          88,               ,               72,            ,     85588,      0.00,     28.90,       14.45,               8,                 16
  252,             ,        10833,          88,               ,               77,            ,     85588,      0.00,     28.90,       14.45,               8,                 16
  253,             ,        10008,          88,               ,               71,            ,     85588,      0.00,     28.89,       14.45,               8,                 16
  254,             ,        10000,          88,               ,               71,            ,     85588,      0.00,     29.96,       14.98,               8,                 16
  255,             ,        10000,          88,               ,               71,            ,     85588,      6.10,     27.17,       16.63,               8,                 16
  256,             ,         9996,          92,               ,               71,            ,     85588,      0.00,     28.89,       14.45,               8,                 16
  257,             ,        11162,          94,               ,               72,            ,     85588,      0.00,     28.90,       14.45,               8,                 16
  258,             ,        10834,          94,               ,               78,            ,     85588,      0.00,     28.89,       14.45,               8,                 16
  259,             ,        10008,          88,               ,               71,            ,     85588,      0.00,     29.97,       14.98,               8,                 16
  260,             ,        10000,          88,               ,               71,            ,     85588,      6.10,     27.17,       16.63,               8,                 17
  261,             ,        10000,          88,               ,               71,            ,     85588,      0.00,     28.90,       14.45,               8,                 16
  262,             ,         9996,          88,               ,               71,            ,     85588,      0.00,     28.91,       14.45,               8,                 16
  263,             ,        11162,          88,               ,               72,            ,     85588,      0.00,     28.89,       14.45,               8,                 17
  264,             ,        10834,          97,               ,               78,            ,     85588,      0.00,     29.97,       14.98,               8,                 16
  265,             ,        10008,          96,               ,               71,            ,     85588,      6.10,     27.18,       16.64,               8,                 16
  266,             ,        10000,          88,               ,               71,            ,     85588,      0.00,     28.88,       14.44,               8,                 16
  267,             ,        10000,          92,               ,               71,            ,     85588,      0.00,     28.90,       14.45,               8,                 16
  268,             ,         9996,          86,               ,               71,            ,     85588,      0.00,     28.89,       14.45,               8,                 16
  269,             ,        11162,          88,               ,               72,            ,     85588,      0.00,     29.96,       14.98,               8,                 16
  270,             ,        10834,          88,               ,               77,            ,     85588,      6.10,     27.17,       16.63,               8,                 16
  271,             ,        10008,          88,               ,               71,            ,     85588,      0.00,     28.91,       14.45,               8,                 16
  272,             ,        10000,          96,               ,               71,            ,     85588,      0.00,     28.91,       14.45,               8,                 16
  273,             ,        10000,          96,               ,               71,            ,     85588,      0.00,     28.89,       14.45,               8,                 16
  274,             ,         9996,          88,               ,               71,            ,     85588,      0.00,     29.97,       14.98,               8,                 16
  275,             ,        11162,          88,               ,               72,            ,     85588,      6.10,     27.17,       16.63,               8,                 16
  276,             ,        10834,          88,               ,               78,            ,     85588,      0.00,     28.90,       14.45,               8,                 16
  277,             ,        10008,          91,               ,               71,            ,     85588,      0.00,     28.91,       14.45,               8,                 16
  278,             ,        10000,          86,               ,               71,            ,     85588,      0.00,     28.89,       14.45,               8,                 17
  279,             ,        10000,          88,               ,               71,            ,     85588,      0.00,     29.96,       14.98,               8,                 16
  280,             ,         9996,          97,               ,               71,            ,     85588,      6.10,     27.17,       16.63,               8,                 16
  281,             ,        11162,          96,               ,               72,            ,     85588,      0.00,     28.92,       14.46,               8,                 16
  282,             ,        10834,          88,               ,               78,            ,     85588,      0.00,     28.89,       14.45,               8,                 16
  283,             ,        10008,          88,               ,               71,            ,     85588,      0.00,     28.89,       14.45,               8,                 16
  284,             ,        10000,          88,               ,               71,            ,     85588,      0.00,     29.97,       14.98,               8,                 16
  285,             ,        10000,          88,               ,               71,            ,     85588,      6.10,     27.17,       16.63,               8,                 16
  286,             ,         9996,          88,               ,               71,            ,     85588,      0.00,     28.90,       14.45,               8,                 16
  287,             ,        11162,          92,               ,               72,            ,     85588,      0.00,     28.90,       14.45,               8,                 16
  288,             ,        10834,          99,               ,               78,            ,     85588,      0.00,     28.89,       14.45,               8,                 16
  289,             ,        10008,          96,               ,               71,            ,     85588,      0.00,     29.96,       14.98,               8,                 16
  290,             ,        10000,          88,               ,               71,            ,     85588,      6.10,     27.16,       16.63,               8,                 16
  291,             ,        10000,          88,               ,               71,            ,     85588,      0.00,     28.90,       14.45,               8,                 16
  292,             ,         9996,          88,               ,               71,            ,     85588,      0.00,     28.90,       14.45,               8,                 16
  293,             ,        11162,          88,               ,               72,            ,     85588,      0.00,     28.90,       14.45,               8,                 16
  294,             ,        10834,          88,               ,               78,            ,     85588,      0.00,     29.97,       14.98,               8,                 16
  295,             ,        10008,          88,               ,               71,            ,     85588,      6.10,     27.17,       16.63,               8,                 16
  296,             ,        10000,          88,               ,               71,            ,     85588,      0.00,     28.90,       14.45,               8,                 16
  297,             ,        10000,          91,               ,               71,            ,     85588,      0.00,     28.90,       14.45,               8,                 16
  298,             ,         9996,          95,               ,               71,            ,     85588,      0.00,     28.90,       14.45,               9,                 16
  299,             ,        11162,          94,               ,               72,            ,     85588,      0.00,     29.97,       14.98,               8,                 16
  300,             ,        10834,          88,               ,               77,            ,     85588,      6.10,     27.18,       16.64,               8,                 17
  301,             ,        10008,          88,               ,               71,            ,     85588,      0.00,     28.90,       14.45,               8,                 16
  302,             ,        10000,          88,               ,               71,            ,     85588,      0.00,     28.92,       14.46,               8,                 16
  303,             ,        10000,          88,               ,               71,            ,     85588,      0.00,     28.89,       14.45,               8,                 16
  304,             ,         9996,          88,               ,               71,            ,     85588,      0.00,     29.98,       14.99,               8,                 16
  305,             ,        11162,          88,               ,               72,            ,     85588,      6.10,     27.17,       16.63,               8,                 16
  306,             ,        10834,          88,               ,               77,            ,     85588,      0.00,     28.90,       14.45,               8,                 16
  307,             ,        10008,          88,               ,               71,            ,     85588,      0.00,     28.89,       14.45,               8,                 16
  308,             ,        10000,          92,               ,               71,            ,     85588,      0.00,     28.89,       14.45,               8,                 16
  309,             ,        10000,          94,               ,               71,            ,     85588,      0.00,     29.97,       14.98,               8,                 16
  310,             ,         9996,          94,               ,               71,            ,     85588,      6.10,     27.17,       16.63,               8,                 17
  311,             ,        11162,          88,               ,               72,            ,     85588,      0.00,     28.91,       14.45,               8,                 16
  312,             ,        10834,          88,               ,               78,            ,     85588,      0.00,     28.90,       14.45,               8,                 16
  313,             ,        10008,          88,               ,               71,            ,     85588,      0.00,     28.89,       14.45,               8,                 16
  314,             ,        10000,          88,               ,               71,            ,     85588,      0.00,     29.96,       14.98,               8,                 16
  315,             ,        10000,          88,               ,               71,            ,     85588,      6.10,     27.17,       16.63,               8,                 16
  316,             ,         9996,          97,               ,               71,            ,     85588,      0.00,     28.91,       14.45,               8,                 16
  317,             ,        11162,          96,               ,               72,            ,     85588,      0.00,     28.90,       14.45,               8,                 16
  318,             ,        10834,          88,               ,               77,            ,     85588,      0.00,     28.90,       14.45,               8,                 16
  319,             ,        10008,          92,               ,               71,            ,     85588,      0.00,     29.96,       14.98,               8,                 16
  320,             ,        10000,          86,               ,               71,            ,     85588,      6.10,     27.17,       16.63,               8,                 16
  321,             ,        10000,          88,               ,               71,            ,     85588,      0.00,     28.90,       14.45,               8,                 16
  322,             ,         9996,          88,               ,               71,            ,     85588,      0.00,     28.91,       14.45,               8,                 16
  323,             ,        11162,          88,               ,               72,            ,     85588,      0.00,     28.90,       14.45,               8,                 16
  324,             ,        10834,          97,               ,               77,            ,     85588,      0.00,     29.96,       14.98,               8,                 16
  325,             ,        10008,          96,               ,               71,            ,     85588,      6.10,     27.17,       16.63,               8,                 16
  326,             ,        10000,          88,               ,               71,            ,     85588,      0.00,     28.91,       14.45,               8,                 16
  327,             ,        10000,          88,               ,               71,            ,     85588,      0.00,     28.90,       14.45,               8,                 16
  328,             ,         9996,          88,               ,               71,            ,     85588,      0.00,     28.89,       14.45,               8,                 16
  329,             ,        11162,          92,               ,               72,            ,     85588,      0.00,     29.97,       14.98,               8,                 16
  330,             ,        10834,          86,               ,               77,            ,     85588,      6.10,     27.17,       16.63,               8,                 16
  331,             ,        10008,          88,               ,               71,            ,     85588,      0.00,     28.90,       14.45,               8,                 16
  332,             ,        10000,          97,               ,               71,            ,     85588,      0.00,     28.92,       14.46,               8,                 16
  333,             ,        10000,          96,               ,               71,            ,     85588,      0.00,     28.89,       14.45,               8,                 16
  334,             ,         9996,          88,               ,               71,            ,     85588,      0.00,     29.97,       14.98,               8,                 16
  335,             ,        11162,          88,               ,               72,            ,     85588,      6.10,     27.17,       16.63,               8,                 16
  336,             ,        10834,          88,               ,               78,            ,     85588,      0.00,     28.90,       14.45,               8,                 16
  337,             ,        10008,          88,               ,               71,            ,     85588,      0.00,     28.91,       14.45,               8,                 16
  338,             ,        10000,          88,               ,               71,            ,     85588,      0.00,     28.90,       14.45,               8,                 16
  339,             ,        10000,          91,               ,               71,            ,     85588,      0.00,     29.96,       14.98,               8,                 16
  340,             ,         9996,          99,               ,               71,            ,     85588,      6.10,     27.17,       16.63,               8,                 16
  341,             ,        11162,          96,               ,               72,            ,     85588,      0.00,     28.90,       14.45,               8,                 16
  342,             ,        10834,          88,               ,               78,            ,     85588,      0.00,     28.90,       14.45,               8,                 16
  343,             ,        10008,          88,               ,               71,            ,     85588,      0.00,     28.89,       14.45,               8,                 16
  344,             ,        10000,          88,               ,               71,            ,     85588,      0.00,     29.98,       14.99,               8,                 16
  345,             ,        10000,          88,               ,               71,            ,     85588,      6.10,     27.17,       16.63,               8,                 16
  346,             ,         9996,          88,               ,               71,            ,     85588,      0.00,     28.91,       14.45,               8,                 16
  347,             ,        11162,          88,               ,               72,            ,     85588,      0.00,     28.90,       14.45,               8,                 16
  348,             ,        10834,          88,               ,               77,            ,     85588,      0.00,     28.89,       14.45,               8,                 16
  349,             ,        10008,          92,               ,               71,            ,     85588,      0.00,     29.96,       14.98,               8,                 16
  350,             ,        10000,          95,               ,               71,            ,     85588,      6.10,     27.17,       16.63,               8,                 16
  351,             ,        10000,          94,               ,               71,            ,     85588,      0.00,     28.90,       14.45,               8,                 16
  352,             ,         9996,          88,               ,               71,            ,     85588,      0.00,     28.91,       14.45,               8,                 16
  353,             ,        11162,          88,               ,               72,            ,     85588,      0.00,     28.89,       14.45,               8,                 16
  354,             ,        10834,          88,               ,               78,            ,     85588,      0.00,     29.96,       14.98,               8,                 16
  355,             ,        10008,          88,               ,               71,            ,     85588,      6.10,     27.17,       16.63,               8,                 16
  356,             ,        10000,          88,               ,               71,            ,     85588,      0.00,     28.91,       14.45,               8,                 16
  357,             ,        10000,          88,               ,               71,            ,     85588,      0.00,     28.90,       14.45,               8,                 16
  358,             ,         9996,          88,               ,               71,            ,     85588,      0.00,     28.89,       14.45,               8,                 16
  359,             ,        11162,          88,               ,               72,            ,     85588,      0.00,     29.97,       14.98,               8,                 16
  360,             ,        10834,          92,               ,               78,            ,     85588,      6.10,     27.17,       16.63,               8,                 16
  361,             ,        10008,          94,               ,               71,            ,     85588,      0.00,     28.90,       14.45,               8,                 16
  362,             ,        10000,          94,               ,               71,            ,     85588,      0.00,     28.90,       14.45,               8,                 16
  363,             ,        10000,          88,               ,               71,            ,     85588,      0.00,     28.89,       14.45,               8,                 16
  364,             ,         9996,          88,               ,               71,            ,     85588,      0.00,     29.96,       14.98,               8,                 16
  365,             ,        11162,          88,               ,               72,            ,     85588,      6.10,     27.17,       16.63,               8,                 16
  366,             ,        10834,          88,               ,               78,            ,     85588,      0.00,     28.90,       14.45,               8,                 16
  367,             ,        10008,          88,               ,               71,            ,     85588,      0.00,     28.91,       14.45,               8,                 16
  368,             ,        10000,         158,               ,               71,            ,     85588,      0.00,     28.89,       14.45,               8,                 20
  369,             ,        10000,          83,               ,               71,            ,     85588,      0.00,     29.97,       14.98,               4,                 20
  370,             ,         9996,         115,               ,               71,            ,     85588,      6.10,     27.17,       16.63,               8,                 16
  371,             ,        11162,          87,               ,               72,            ,     85588,      0.00,     28.90,       14.45,               8,                 16
  372,             ,        10834,         111,               ,               77,            ,     85588,      0.00,     28.89,       14.45,               5,                 20
  373,             ,        10008,         115,               ,               71,            ,     85588,      0.00,     28.89,       14.45,               8,                 16
  374,             ,        10000,         111,               ,               71,            ,     85588,      0.00,     29.97,       14.98,               4,                 21
  375,             ,        10000,         115,               ,               71,            ,     85588,      6.10,     27.17,       16.63,               8,                 16
  376,             ,         9996,         111,               ,               71,            ,     85588,      0.00,     28.90,       14.45,               4,                 20
  377,             ,        11162,         115,               ,               72,            ,     85588,      0.00,     28.89,       14.45,               8,                 16
  378,             ,        10834,         111,               ,               78,            ,     85588,      0.00,     28.90,       14.45,               4,                 20
  379,             ,        10008,         115,               ,               71,            ,     85588,      0.00,     29.97,       14.98,               8,                 16
  380,             ,        10000,          91,               ,               71,            ,     85588,      6.10,     27.18,       16.64,               8,                 16
  381,             ,        10000,         111,               ,               71,            ,     85588,      0.00,     28.90,       14.45,               4,                 20
  382,             ,         9996,          87,               ,               71,            ,     85588,      0.00,     28.90,       14.45,               4,                 20
  383,             ,        11162,          87,               ,               72,            ,     85588,      0.00,     28.90,       14.45,               4,                 20
  384,             ,        10834,         119,               ,               77,            ,     85588,      0.00,     29.98,       14.99,               8,                 16
  385,             ,        10008,          88,               ,               71,            ,     85588,      6.10,     27.18,       16.64,               8,                 16
  386,             ,        10000,          88,               ,               71,            ,     85588,      0.00,     28.90,       14.45,               8,                 16
  387,             ,        10000,         111,               ,               71,            ,     85588,      0.00,     28.91,       14.45,               4,                 20
  388,             ,         9996,         115,               ,               71,            ,     85588,      0.00,     28.89,       14.45,               8,                 16
  389,             ,        11162,         111,               ,               72,            ,     85588,      0.00,     29.96,       14.98,               4,                 20
  390,             ,        10834,          87,               ,               77,            ,     85588,      6.10,     27.16,       16.63,               5,                 20
  391,             ,        10008,         115,               ,               71,            ,     85588,      0.00,     28.91,       14.45,               8,                 16
  392,             ,        10000,         111,               ,               71,            ,     85588,      0.00,     28.90,       14.45,               4,                 20
  393,             ,        10000,         115,               ,               71,            ,     85588,      0.00,     28.89,       14.45,               8,                 16
  394,             ,         9996,         111,               ,               71,            ,     85588,      0.00,     29.99,       15.00,               4,                 21
  395,             ,        11162,          84,               ,               72,            ,     85588,      6.10,     27.16,       16.63,               4,                 20
  396,             ,        10834,         115,               ,               77,            ,     85588,      0.00,     28.92,       14.46,               8,                 16
  397,             ,        10008,          88,               ,               71,            ,     85588,      0.00,     28.91,       14.45,               8,                 16
  398,             ,        10000,         111,               ,               71,            ,     85588,      0.00,     28.89,       14.45,               4,                 20
  399,             ,        10000,         115,               ,               71,            ,     85588,      0.00,     29.98,       14.99,               8,                 16
  400,             ,         9996,         111,               ,               71,            ,     85588,      6.10,     27.17,       16.63,               4,                 20
  401,             ,        11162,          84,               ,               72,            ,     85588,      0.00,     28.91,       14.45,               4,                 20
  402,             ,        10834,          84,               ,               78,            ,     85588,      0.00,     28.92,       14.46,               4,                 20
  403,             ,        10008,         115,               ,               71,            ,     85588,      0.00,     28.89,       14.45,               8,                 16
  404,             ,        10000,          88,               ,               71,            ,     85588,      0.00,     29.96,       14.98,               8,                 16
  405,             ,        10000,          91,               ,               71,            ,     85588,      6.10,     27.17,       16.63,              12,                 16
  406,             ,         9996,          88,               ,               71,            ,     85588,      0.00,     28.90,       14.45,              12,                 16
  407,             ,        11162,         115,               ,               72,            ,     85588,      0.00,     28.90,       14.45,               4,                 20
  408,             ,        10834,          95,               ,               77,            ,     85588,      0.00,     28.90,       14.45,               4,                 20
  409,             ,        10008,         126,               ,               71,            ,    183496,      0.00,     29.96,       14.98,               4,                 20
  410,             ,        10000,          88,               ,               71,            ,     85588,      6.10,     27.17,       16.63,              12,                 16
  411,             ,        10000,          88,               ,               71,            ,     85588,      0.00,     28.91,       14.45,               8,                 16
  412,             ,         9996,          88,               ,               71,            ,     85588,      0.00,     28.90,       14.45,               8,                 16
  413,             ,        11162,          92,               ,               72,            ,     85588,      0.00,     28.89,       14.45,               8,                 16
  414,             ,        10834,          86,               ,               77,            ,     85588,      0.00,     29.97,       14.98,               8,                 16
  415,             ,        10008,          88,               ,               71,            ,     85588,      6.10,     27.17,       16.63,               8,                 16
  416,             ,        10000,          97,               ,               71,            ,     85588,      0.00,     28.90,       14.45,               8,                 16
  417,             ,        10000,          95,               ,               71,            ,     85588,      0.00,     28.90,       14.45,               8,                 16
  418,             ,         9996,          88,               ,               71,            ,     85588,      0.00,     28.88,       14.44,               8,                 16
  419,             ,        11162,          88,               ,               72,            ,     85588,      0.00,     29.97,       14.98,               8,                 16
  420,             ,        10834,          88,               ,               78,            ,     85588,      6.10,     27.16,       16.63,               8,                 16
  421,             ,        10008,          88,               ,               71,            ,     85588,      0.00,     28.91,       14.45,               8,                 16
  422,             ,        10000,          88,               ,               71,            ,     85588,      0.00,     28.90,       14.45,               8,                 16
  423,             ,        10000,          92,               ,               71,            ,     85588,      0.00,     28.91,       14.45,               8,                 16
  424,             ,         9996,          99,               ,               71,            ,     85588,      0.00,     29.96,       14.98,               8,                 16
  425,             ,        11162,          96,               ,               72,            ,     85588,      6.10,     27.17,       16.63,               8,                 16
  426,             ,        10834,          88,               ,               78,            ,     85588,      0.00,     28.89,       14.45,               8,                 16
  427,             ,        10008,          88,               ,               71,            ,     85588,      0.00,     28.91,       14.45,               8,                 16
  428,             ,        10000,          88,               ,               71,            ,     85588,      0.00,     28.89,       14.45,               8,                 16
  429,             ,        10000,          88,               ,               71,            ,     85588,      0.00,     29.96,       14.98,               8,                 16
  430,             ,         9996,          88,               ,               71,            ,     85588,      6.10,     27.18,       16.64,               8,                 16
  431,             ,        11162,          88,               ,               72,            ,     85588,      0.00,     28.90,       14.45,               8,                 16
  432,             ,        10834,          88,               ,               77,            ,     85588,      0.00,     28.90,       14.45,               8,                 16
  433,             ,        10008,          92,               ,               71,            ,     85588,      0.00,     28.89,       14.45,               8,                 16
  434,             ,        10000,          95,               ,               71,            ,     85588,      0.00,     29.96,       14.98,               8,                 16
  435,             ,        10000,          94,               ,               71,            ,     85588,      6.10,     27.17,       16.63,               8,                 16
  436,             ,         9996,          88,               ,               71,            ,     85588,      0.00,     28.90,       14.45,               8,                 16
  437,             ,        11162,          88,               ,               72,            ,     85588,      0.00,     28.89,       14.45,               8,                 16
  438,             ,        10834,          88,               ,               77,            ,     85588,      0.00,     28.90,       14.45,               8,                 16
  439,             ,        10008,          88,               ,               71,            ,     85588,      0.00,     29.96,       14.98,               8,                 16
  440,             ,        10000,          88,               ,               71,            ,     85588,      6.10,     27.17,       16.63,               8,                 16
  441,             ,        10000,          88,               ,               71,            ,     85588,      0.00,     28.90,       14.45,               8,                 16
  442,             ,         9996,          88,               ,               71,            ,     85588,      0.00,     28.90,       14.45,               8,                 16
  443,             ,        11162,          88,               ,               72,            ,     85588,      0.00,     28.89,       14.45,               8,                 16
  444,             ,        10834,          92,               ,               78,            ,     85588,      0.00,     29.98,       14.99,               8,                 16
  445,             ,        10008,          94,               ,               71,            ,     85588,      6.10,     27.17,       16.63,               8,                 16
  446,             ,        10000,          94,               ,               71,            ,     85588,      0.00,     28.90,       14.45,               8,                 16
  447,             ,        10000,          88,               ,               71,            ,     85588,      0.00,     28.90,       14.45,               8,                 16
  448,             ,         9996,          88,               ,               71,            ,     85588,      0.00,     28.89,       14.45,               8,                 16
  449,             ,        11162,          88,               ,               72,            ,     85588,      0.00,     29.96,       14.98,               8,                 16
  450,             ,        10834,          88,               ,               78,            ,     85588,      6.10,     27.18,       16.64,               8,                 16
  451,             ,        10008,          88,               ,               71,            ,     85588,      0.00,     28.90,       14.45,               8,                 16
  452,             ,        10000,          97,               ,               71,            ,     85588,      0.00,     28.91,       14.45,               8,                 16
  453,             ,        10000,          96,               ,               71,            ,     85588,      0.00,     28.90,       14.45,               8,                 16
  454,             ,         9996,          88,               ,               71,            ,     85588,      0.00,     29.96,       14.98,               8,                 16
  455,             ,        11162,          92,               ,               72,            ,     85588,      6.10,     27.17,       16.63,               8,                 16
  456,             ,        10834,          86,               ,               78,            ,     85588,      0.00,     28.91,       14.45,               8,                 17
  457,             ,        10008,          88,               ,               71,            ,     85588,      0.00,     28.90,       14.45,               8,                 16
  458,             ,        10000,          88,               ,               71,            ,     85588,      0.00,     28.91,       14.45,               8,                 16
  459,             ,        10000,          88,               ,               71,            ,     85588,      0.00,     29.96,       14.98,               8,                 16
  460,             ,         9996,          97,               ,               71,            ,     85588,      6.10,     27.19,       16.64,               8,                 16
  461,             ,        11162,          96,               ,               72,            ,     85588,      0.00,     28.91,       14.45,               8,                 16
  462,             ,        10834,          88,               ,               77,            ,     85588,      0.00,     28.90,       14.45,               8,                 16
  463,             ,        10008,          88,               ,               71,            ,     85588,      0.00,     28.89,       14.45,               8,                 16
  464,             ,        10000,          88,               ,               71,            ,     85588,      0.00,     29.96,       14.98,               8,                 16
  465,             ,        10000,          92,               ,               71,            ,     85588,      6.10,     27.18,       16.64,               8,                 16
  466,             ,         9996,          86,               ,               71,            ,     85588,      0.00,     28.89,       14.45,               8,                 16
  467,             ,        11162,          88,               ,               72,            ,     85588,      0.00,     28.90,       14.45,               8,                 16
  468,             ,        10834,          97,               ,               78,            ,     85588,      0.00,     28.89,       14.45,               8,                 16
  469,             ,        10008,          96,               ,               71,            ,     85588,      0.00,     29.96,       14.98,               8,                 16
  470,             ,        10000,          88,               ,               71,            ,     85588,      6.10,     27.18,       16.64,               8,                 16
  471,             ,        10000,          88,               ,               71,            ,     85588,      0.00,     28.90,       14.45,               8,                 16
  472,             ,         9996,          88,               ,               71,            ,     85588,      0.00,     28.90,       14.45,               8,                 16
  473,             ,        11162,          88,               ,               72,            ,     85588,      0.00,     28.90,       14.45,               8,                 16
  474,             ,        10834,          88,               ,               78,            ,     85588,      0.00,     29.97,       14.98,               8,                 16
  475,             ,        10008,          92,               ,               71,            ,     85588,      6.10,     27.16,       16.63,               8,                 16
  476,             ,        10000,          99,               ,               71,            ,     85588,      0.00,     28.90,       14.45,               8,                 16
  477,             ,        10000,          96,               ,               71,            ,     85588,      0.00,     28.89,       14.45,               8,                 16
  478,             ,         9996,          88,               ,               71,            ,     85588,      0.00,     28.89,       14.45,               8,                 16
  479,             ,        11162,          88,               ,               72,            ,     85588,      0.00,     29.97,       14.98,               8,                 16
  480,             ,        10834,          88,               ,               77,            ,     85588,      6.10,     27.16,       16.63,               8,                 16
  481,             ,        10008,          88,               ,               71,            ,     85588,      0.00,     28.90,       14.45,               8,                 16
  482,             ,        10000,          88,               ,               71,            ,     85588,      0.00,     28.90,       14.45,               8,                 17
  483,             ,        10000,          88,               ,               71,            ,     85588,      0.00,     28.90,       14.45,               8,                 16
  484,             ,         9996,          88,               ,               71,            ,     85588,      0.00,     29.96,       14.98,               8,                 16
  485,             ,        11162,          91,               ,               72,            ,     85588,      6.10,     27.17,       16.63,               8,                 16
  486,             ,        10834,          95,               ,               77,            ,     85588,      0.00,     28.90,       14.45,               8,                 16
  487,             ,        10008,          94,               ,               71,            ,     85588,      0.00,     28.91,       14.45,               8,                 16
  488,             ,        10000,          88,               ,               71,            ,     85588,      0.00,     28.91,       14.45,               8,                 16
  489,             ,        10000,          88,               ,               71,            ,     85588,      0.00,     29.96,       14.98,               8,                 16
  490,             ,         9996,          88,               ,               71,            ,     85588,      6.10,     27.18,       16.64,               8,                 16
  491,             ,        11162,          88,               ,               72,            ,     85588,      0.00,     28.90,       14.45,               8,                 16
  492,             ,        10834,          88,               ,               78,            ,     85588,      0.00,     28.91,       14.45,               8,                 16
  493,             ,        10008,          88,               ,               71,            ,     85588,      0.00,     28.89,       14.45,               8,                 16
  494,             ,        10000,          88,               ,               71,            ,     85588,      0.00,     29.96,       14.98,               8,                 16
  495,             ,        10000,          88,               ,               71,            ,     85588,      6.10,     27.17,       16.63,               8,                 17
  496,             ,         9996,          92,               ,               71,            ,     85588,      0.00,     28.91,       14.45,               8,                 16
  497,             ,        11162,          94,               ,               72,            ,     85588,      0.00,     28.91,       14.45,               8,                 16
  498,             ,        10834,          94,               ,               78,            ,     85588,      0.00,     28.89,       14.45,               8,                 16
  499,             ,        11162,          88,               ,               71,            ,     85588,      0.00,     29.97,       14.98,               8,                 16
