index,exec_time_us,loop_time_us,adc_time_us,heater_time_us,temp_get_time_us,e2e_time_us,temp_c,free_heap,cpu_core0,cpu_core1,cpu_overall,temp_mutex_wait,metrics_mutex_wait
0,101122519,100354,70,119,51,33643,39.39,129200,0.00,15.77,7.88,8,4
1,,100994,70,66,49,33820,39.33,129200,0.00,15.77,7.88,8,4
2,,100897,70,64,49,32928,39.27,129200,0.03,18.32,9.18,8,4
3,,100103,70,56,49,32025,39.15,129200,0.00,15.97,7.99,8,4
4,,101003,70,64,49,31824,39.15,129200,0.00,15.77,7.88,8,4
5,,100997,70,67,49,130928,39.09,129200,0.00,15.76,7.88,8,4
6,,101001,70,64,49,28824,39.09,129200,0.00,15.77,7.88,8,4
7,,100895,74,64,49,28025,39.00,129200,0.00,15.76,7.88,8,5
8,,100055,70,56,49,98928,38.67,129200,0.00,15.76,7.88,8,4
9,,101000,70,13,49,75928,39.09,129200,0.00,15.77,7.88,8,4
10,,101000,122,13,49,148928,40.36,129200,0.00,16.58,8.29,5,4
11,,101049,70,13,49,117928,40.94,129200,0.00,17.73,8.87,8,4
12,,101000,70,64,49,89928,41.79,129200,0.00,15.77,7.88,8,4
13,,101000,70,64,49,64928,42.03,129200,0.00,15.76,7.88,8,4
14,,101868,70,64,49,39928,42.00,129200,0.00,15.76,7.88,8,4
15,,100132,70,57,49,115823,42.03,129200,0.00,15.77,7.88,8,4
16,,101000,70,64,49,84928,41.64,129200,0.00,15.77,7.88,8,4
17,,101000,70,64,49,59928,41.97,129200,0.00,15.76,7.88,8,5
18,,101000,70,64,49,35950,41.82,129200,0.00,16.58,8.29,8,4
19,,101868,70,64,49,109054,41.33,129200,0.03,17.48,8.76,9,4
20,,100132,69,57,49,80928,41.70,129200,0.00,15.97,7.99,8,4
21,,100951,70,64,49,60928,41.39,129200,0.00,15.77,7.88,8,4
22,,101049,70,13,49,35928,40.88,129200,0.00,15.77,7.88,8,4
23,,100951,74,64,49,110928,41.39,129200,0.00,15.76,7.88,8,5
24,,101873,70,13,49,79928,40.97,129200,0.00,15.77,7.88,8,4
25,,100127,70,13,49,151928,40.64,129200,0.00,15.76,7.88,8,4
26,,101000,69,13,49,126054,41.00,129200,0.00,15.76,7.88,8,4
27,,101000,70,13,49,95928,40.67,129200,0.00,19.64,9.82,8,4
28,,101000,70,13,49,77928,40.24,129200,6.73,16.33,11.53,8,4
29,,101000,70,13,49,151928,40.27,129200,0.00,15.76,7.88,8,4
30,,101000,70,13,49,119928,40.12,129200,0.00,15.77,7.88,8,4
31,,101874,70,13,49,89928,39.94,129200,0.00,15.77,7.88,8,4
32,,100126,70,13,49,64928,39.79,129200,0.00,15.76,7.88,8,4
33,,101000,70,13,49,136928,39.82,129200,0.00,15.77,7.88,8,4
34,,101000,70,13,49,105054,39.21,129200,0.00,15.76,7.88,8,4
35,,101000,70,13,49,75928,39.48,129200,0.00,16.58,8.29,8,4
36,,101000,70,13,49,49054,39.52,129200,0.03,17.48,8.76,8,4
37,,101000,70,13,49,122054,39.52,129200,0.00,15.97,7.99,8,4
38,,101999,70,13,49,275928,39.42,129200,0.00,15.76,7.88,8,5
39,,101050,70,22,50,54928,39.15,129200,0.00,15.77,7.88,8,4
40,,100951,70,64,49,125980,39.27,129200,0.00,15.76,7.88,8,4
41,,101000,70,13,49,,38.70,129200,0.00,15.76,7.88,8,4
42,,101049,70,13,49,,40.00,129200,0.00,15.77,7.88,8,4
43,,101000,69,64,49,,41.00,129200,0.00,16.58,8.29,9,4
44,,101001,70,64,49,,41.67,129200,0.03,17.47,8.75,8,4
45,,101867,70,64,49,,41.82,129200,0.00,15.97,7.99,8,4
46,,100132,69,57,49,,41.61,129200,0.00,15.76,7.88,9,4
47,,101001,70,64,49,,41.30,129200,0.00,15.76,7.88,8,4
48,,100950,70,64,49,,41.27,129200,0.00,15.77,7.88,8,4
49,,101000,74,13,49,,41.39,129200,0.00,15.77,7.88,8,5
50,,101873,70,13,49,,40.94,129200,0.00,15.76,7.88,8,4
51,,100127,70,13,49,,41.00,129200,0.00,15.77,7.88,8,4
52,,101000,69,13,49,,40.94,129200,0.00,16.58,8.29,9,4
53,,101000,70,13,49,,40.48,129200,0.03,17.47,8.75,8,4
54,,101000,70,13,49,,40.61,129200,0.00,15.97,7.99,8,4
55,,101000,70,13,49,,40.30,129200,0.00,15.77,7.88,8,4
56,,101000,70,13,49,,40.30,129200,0.00,15.76,7.88,8,4
57,,101873,70,13,49,,40.24,129200,0.00,15.77,7.88,8,4
58,,100127,70,13,49,,39.85,129200,0.00,15.76,7.88,8,4
59,,101000,70,13,49,,39.82,129200,0.00,15.76,7.88,8,4
60,,101000,70,13,49,,39.79,129200,0.00,16.58,8.29,8,4
61,,101000,70,13,49,,39.52,129200,0.03,17.48,8.76,8,4
62,,101000,70,13,49,,39.39,129200,0.00,15.97,7.99,8,4
63,,101049,70,13,49,,39.55,129200,0.00,15.77,7.88,8,4
64,,101824,70,64,49,,39.45,129200,0.00,15.76,7.88,8,4
65,,100127,70,13,49,,38.97,129200,0.00,15.76,7.88,8,4
66,,101052,70,13,49,,40.21,129200,0.00,15.77,7.88,8,4
67,,100997,70,67,49,,40.94,129200,0.00,15.77,7.88,8,4
68,,101000,70,64,49,,42.03,129200,0.00,16.58,8.29,8,4
69,,100896,70,64,49,,41.55,129200,0.00,15.76,7.88,8,4
70,,100104,70,56,49,,41.58,129200,0.00,17.73,8.86,8,4
71,,101003,70,64,49,,41.64,129200,0.00,15.76,7.88,8,4
72,,100997,70,67,49,,41.27,129200,0.00,15.77,7.88,8,4
73,,101000,70,64,49,,41.27,129200,0.00,15.77,7.88,8,4
74,,100896,70,64,49,,41.24,129200,0.00,15.76,7.88,8,4
75,,100104,70,56,49,,41.03,129200,0.00,15.77,7.88,8,4
76,,100951,70,64,49,,41.03,129200,0.00,15.76,7.88,8,4
77,,101000,70,13,49,,41.03,129200,0.00,16.58,8.29,8,4
78,,101000,70,13,49,,40.67,129200,0.03,17.48,8.76,8,4
79,,101000,70,13,49,,40.61,129200,0.00,15.97,7.99,8,4
80,,101000,70,13,49,,40.61,129200,0.00,15.76,7.88,8,4
81,,101872,74,13,49,,40.64,129200,0.00,15.77,7.88,8,4
82,,100128,70,12,50,,40.33,129200,0.00,15.76,7.88,8,4
83,,101000,70,13,49,,40.09,129200,0.00,15.76,7.88,8,4
84,,101000,70,13,49,,40.27,129200,0.00,15.77,7.88,8,5
85,,101000,70,13,49,,39.85,129200,0.00,16.58,8.29,8,4
86,,101000,70,13,49,,39.79,129200,0.00,18.73,9.36,8,4
87,,101000,70,13,49,,39.55,129200,6.73,16.33,11.53,8,4
88,,101872,70,13,49,,39.55,129200,0.00,15.76,7.88,8,4
89,,100128,70,12,50,,39.48,129200,0.00,15.76,7.88,8,4
90,,101000,70,13,49,,39.42,129200,0.00,15.77,7.88,8,4
91,,101000,70,13,49,,39.15,129200,0.00,15.77,7.88,8,4
92,,101000,70,13,49,,39.12,129200,0.00,15.76,7.88,8,4
93,,101050,70,13,49,,39.15,129200,0.80,16.45,8.63,8,4
94,,100950,70,64,49,,39.09,129200,0.00,15.89,7.94,8,4
95,,101872,70,13,49,,38.79,129200,0.03,17.48,8.76,8,4
96,,100128,70,12,50,,39.09,129200,0.00,15.97,7.99,8,4
97,,101052,70,13,49,,40.09,129200,0.00,15.77,7.88,8,4
98,,100997,70,67,49,,40.97,129200,0.00,15.76,7.88,8,4
99,,101000,70,64,49,,42.09,129200,0.00,15.77,7.88,8,4
100,,100896,70,64,49,,42.36,129200,0.00,15.76,7.88,8,4
101,,100104,70,56,49,,42.12,129200,0.00,15.76,7.88,8,4
102,,101003,70,64,49,,41.97,129200,0.00,16.58,8.29,8,4
103,,100997,70,67,49,,42.00,129200,0.03,17.48,8.76,8,4
104,,101000,70,64,49,,41.64,129200,0.00,15.97,7.99,8,4
105,,100896,70,64,49,,41.64,129200,0.00,15.77,7.88,8,4
106,,100104,70,56,49,,41.73,129200,0.00,15.76,7.88,8,4
107,,101003,70,64,49,,41.33,129200,0.00,15.76,7.88,8,4
108,,100948,70,67,49,,41.24,129200,0.00,15.77,7.88,8,4
109,,101000,70,13,49,,41.30,129200,0.00,15.77,7.88,8,4
110,,100901,70,13,49,,40.94,129200,0.00,16.58,8.29,8,4
111,,100099,70,13,49,,40.91,129200,0.00,15.76,7.88,8,4
112,,101000,70,13,49,,40.85,129200,0.03,17.48,8.76,8,4
113,,101000,70,13,49,,40.61,129200,0.00,15.97,7.99,8,4
114,,101000,70,13,49,,40.52,129200,0.00,15.77,7.88,8,4
115,,101000,70,13,49,,40.61,129200,0.00,15.77,7.88,8,4
116,,101000,74,13,49,,40.61,129200,0.00,15.76,7.88,8,5
117,,101872,70,13,49,,40.27,129200,0.00,15.77,7.88,8,4
118,,100128,70,12,50,,40.18,129200,0.80,16.45,8.63,8,4
119,,101000,69,13,49,,40.12,129200,0.00,15.89,7.94,8,4
120,,101000,70,13,49,,39.79,129200,0.03,17.48,8.76,8,4
121,,101000,70,13,49,,39.85,129200,0.00,15.97,7.99,8,4
122,,101000,70,13,49,,39.94,129200,0.00,15.76,7.88,8,4
123,,101000,70,13,49,,39.52,129200,0.00,15.77,7.88,8,4
124,,101872,70,13,49,,39.52,129200,0.00,15.76,7.88,8,4
125,,100128,70,13,49,,39.48,129200,0.00,15.76,7.88,8,4
126,,101000,70,13,49,,39.09,129200,0.00,15.77,7.88,8,4
127,,101000,70,13,49,,39.12,129200,0.00,16.58,8.29,8,4
128,,101049,70,13,49,,39.15,129200,0.00,15.76,7.88,8,4
129,,100951,70,64,49,,39.18,129200,0.00,17.73,8.87,8,4
130,,101000,70,13,49,,38.79,129200,0.00,15.77,7.88,8,4
131,,101872,70,13,49,,39.15,129200,0.00,15.76,7.88,8,4
132,,100177,70,12,50,,40.30,129200,0.00,15.77,7.88,8,4
133,,101003,70,64,49,,40.88,129200,0.00,15.77,7.88,9,4
134,,100997,70,67,49,,42.03,129200,0.00,15.76,7.88,8,4
135,,101000,70,64,49,,42.45,129200,0.00,16.58,8.29,8,4
136,,100896,70,64,49,,41.97,129200,0.00,15.76,7.88,8,4
137,,100104,70,56,49,,42.03,129200,0.03,17.48,8.76,8,4
138,,101003,70,64,49,,41.97,129200,0.00,15.97,7.99,8,4
139,,100997,70,67,49,,41.67,129200,0.00,15.77,7.88,8,4
140,,101000,70,64,49,,41.67,129200,0.00,15.76,7.88,8,4
141,,100896,70,64,49,,41.61,129200,0.00,15.77,7.88,8,4
142,,100104,70,56,49,,41.30,129200,0.00,15.76,7.88,8,4
143,,100951,70,64,49,,41.24,129200,0.80,16.45,8.63,8,4
144,,101000,70,13,49,,41.21,129200,0.00,15.89,7.94,8,4
145,,101000,70,13,49,,40.88,129200,0.00,18.74,9.37,8,4
146,,101000,70,13,49,,41.00,129200,6.73,16.34,11.54,8,4
147,,101000,70,13,49,,41.00,129200,0.00,15.77,7.88,8,4
148,,101890,78,13,49,,40.91,129200,0.00,15.76,7.88,8,5
149,,100110,70,17,49,,40.70,129200,0.00,15.76,7.88,8,4
150,,101000,70,13,49,,40.67,129200,0.00,15.77,7.88,8,4
151,,101000,70,13,49,,40.52,129200,0.00,15.77,7.88,8,5
152,,101000,70,13,49,,40.36,129200,0.00,16.58,8.29,8,5
153,,101998,70,13,49,,40.30,129200,0.00,15.76,7.88,8,5
154,,101002,70,22,50,,40.03,129200,0.03,17.48,8.76,8,4
155,,101000,70,13,49,,40.03,129200,0.00,15.97,7.99,8,4
156,,101000,69,13,49,,40.03,129200,0.00,15.77,7.88,8,4
157,,101000,70,13,49,,39.94,129200,0.00,15.77,7.88,8,4
158,,101000,70,13,49,,39.52,129200,0.00,15.76,7.88,8,4
159,,101000,70,13,49,,39.67,129200,0.00,15.77,7.88,8,5
160,,101872,70,13,49,,39.55,129200,0.00,16.58,8.29,8,4
161,,100128,70,13,49,,39.15,129200,0.00,15.76,7.88,8,4
162,,101000,69,13,49,,39.39,129200,0.13,17.92,9.03,8,4
163,,101050,70,13,49,,39.15,129200,0.00,15.99,7.99,8,4
164,,100950,70,64,49,,39.09,129200,0.00,15.76,7.88,8,4
165,,101000,69,13,49,,39.09,129200,0.00,15.77,7.88,8,4
166,,101049,70,13,49,,38.61,129200,0.00,15.76,7.88,8,4
167,,101867,70,64,49,,39.91,129200,0.00,15.76,7.88,8,4
168,,100133,70,56,50,,40.64,129200,0.00,15.77,7.88,8,4
169,,100951,70,64,49,,41.67,129200,0.00,16.67,8.33,8,4
170,,101000,70,13,49,,41.27,129200,0.00,15.77,7.88,8,4
171,,101049,70,13,49,,41.39,129200,0.13,17.92,9.03,8,4
172,,100951,70,64,49,,40.85,129200,0.00,15.99,7.99,8,4
173,,101000,70,13,49,,40.88,129200,0.00,15.76,7.88,8,4
174,,101872,70,13,49,,41.03,129200,0.00,15.77,7.88,8,4
175,,100128,70,12,50,,40.70,129200,0.00,15.77,7.88,8,4
176,,101000,70,13,49,,40.73,129200,0.00,15.76,7.88,8,4
177,,101000,70,13,49,,40.73,129200,0.00,16.58,8.29,8,4
178,,101000,70,13,49,,40.58,129200,0.00,15.76,7.88,8,4
179,,101000,70,13,49,,40.12,129200,0.03,17.48,8.76,8,4
180,,101000,70,13,49,,40.24,129200,0.00,15.97,7.99,8,4
181,,101872,70,13,49,,40.24,129200,0.00,15.77,7.88,8,4
182,,100128,74,13,49,,40.36,129200,0.00,15.76,7.88,8,4
183,,101000,70,13,49,,39.91,129200,0.00,15.77,7.88,8,4
184,,101000,70,13,49,,39.88,129200,0.00,15.76,7.88,8,4
185,,101000,69,13,49,,39.67,129200,0.00,16.58,8.29,8,4
186,,101000,70,13,49,,39.52,129200,0.00,15.76,7.88,8,4
187,,101000,70,13,49,,39.52,129200,0.00,15.77,7.88,8,4
188,,101872,70,13,49,,39.52,129200,0.00,17.73,8.87,8,4
189,,100177,70,12,50,,39.12,129200,0.00,15.77,7.88,8,4
190,,100951,70,64,49,,39.15,129200,0.00,15.76,7.88,8,4
191,,101000,70,13,49,,39.15,129200,0.00,15.76,7.88,8,4
192,,101049,70,13,49,,38.79,129200,0.00,15.77,7.88,8,4
193,,101000,70,64,49,,39.52,129200,0.00,15.77,7.88,9,4
194,,101000,70,64,49,,40.24,129200,0.00,16.60,8.30,8,4
195,,101867,70,64,49,,41.24,129200,0.00,15.76,7.88,8,4
196,,100133,70,56,50,,41.58,129200,0.13,17.92,9.03,8,4
197,,101003,70,64,49,,41.39,129200,0.00,15.99,7.99,8,4
198,,100948,70,67,49,,41.24,129200,0.00,15.77,7.88,8,4
199,,101000,70,13,49,,41.15,129200,0.00,15.77,7.88,8,4
200,,100901,70,13,49,,41.03,129200,0.00,15.76,7.88,8,4
201,,100099,70,12,50,,40.88,129200,0.00,15.77,7.88,8,4
202,,101000,70,13,49,,41.00,129200,0.00,16.58,8.29,8,4
203,,101000,70,13,49,,40.52,129200,0.00,15.76,7.88,8,4
204,,101000,70,13,49,,40.67,129200,0.00,18.74,9.37,8,4
205,,101000,70,13,49,,40.55,129200,6.73,16.33,11.53,8,4
206,,101000,70,13,49,,40.09,129200,0.00,15.76,7.88,8,4
207,,101872,70,13,49,,40.24,129200,0.00,15.77,7.88,8,4
208,,100128,74,12,50,,40.73,129200,0.00,15.76,7.88,8,4
209,,101000,70,13,49,,39.97,129200,0.00,15.76,7.88,8,4
210,,101000,70,13,49,,39.94,129200,0.00,16.58,8.29,8,4
211,,101000,69,13,49,,40.33,129200,0.00,15.76,7.88,8,4
212,,101000,70,13,49,,39.42,129200,0.00,15.77,7.88,8,4
213,,101000,70,13,49,,39.52,129200,0.03,17.48,8.76,8,4
214,,101872,70,13,49,,39.36,129200,0.00,15.97,7.99,8,4
215,,100128,70,12,50,,39.42,129200,0.00,15.76,7.88,8,4
216,,101052,70,13,49,,39.15,129200,0.00,15.77,7.88,8,4
217,,100948,70,67,49,,39.12,129200,0.00,15.77,7.88,8,4
218,,101000,70,13,49,,39.12,129200,0.00,15.76,7.88,8,4
219,,100945,70,13,49,,38.79,129200,0.00,16.58,8.29,8,4
220,,100104,70,56,49,,39.52,129200,0.00,15.76,7.88,8,4
221,,101003,70,64,49,,40.09,129200,0.03,17.48,8.76,8,4
222,,100997,70,67,49,,41.30,129200,0.00,15.97,7.99,8,4
223,,101000,70,64,49,,41.61,129200,0.00,15.77,7.88,8,4
224,,100852,70,64,49,,41.30,129200,0.00,15.76,7.88,8,4
225,,100099,70,13,49,,41.18,129200,0.00,15.77,7.88,8,4
226,,101052,70,13,49,,41.24,129200,0.00,15.76,7.88,8,4
227,,100948,70,67,49,,40.82,129200,0.00,16.58,8.29,8,4
228,,101000,70,13,49,,40.91,129200,0.00,15.76,7.88,8,4
229,,100901,70,13,49,,41.09,129200,0.00,15.77,7.88,8,4
230,,100099,70,13,49,,40.52,129200,0.03,17.48,8.76,8,4
231,,101000,70,13,49,,40.52,129200,0.00,15.97,7.99,8,4
232,,101000,70,13,49,,40.67,129200,0.00,15.76,7.88,8,4
233,,101000,70,13,49,,40.27,129200,0.00,15.76,7.88,8,4
234,,101000,70,13,49,,40.21,129200,0.00,15.77,7.88,8,4
235,,101000,70,13,49,,40.30,129200,0.00,16.58,8.29,8,4
236,,101872,70,13,49,,39.94,129200,0.00,15.76,7.88,8,4
237,,100128,70,12,50,,39.94,129200,0.00,15.77,7.88,8,4
238,,101000,70,13,49,,39.94,129200,0.03,17.48,8.76,8,4
239,,101000,70,13,49,,39.82,129200,0.00,15.97,7.99,8,4
240,,101000,70,13,49,,39.45,129200,0.00,15.77,7.88,8,4
241,,101000,70,13,49,,39.52,129200,0.00,15.77,7.88,8,4
242,,101000,70,13,49,,39.42,129200,0.00,15.76,7.88,8,4
243,,101872,73,13,49,,39.42,129200,0.00,15.77,7.88,8,4
244,,100177,70,13,49,,39.09,129200,0.00,16.58,8.29,8,4
245,,101003,70,64,49,,39.15,129200,0.00,15.76,7.88,8,4
246,,100948,70,67,49,,39.45,129200,0.00,15.77,7.88,8,5
247,,101000,70,13,49,,38.73,129200,0.00,17.73,8.87,8,4
248,,100945,70,13,49,,38.79,129200,0.00,15.77,7.88,8,4
249,,100104,69,56,49,,40.18,129200,0.00,15.77,7.88,8,4
250,,101003,70,64,49,,40.73,129200,0.00,15.76,7.88,8,4
251,,100997,70,67,49,,41.27,129200,0.00,15.76,7.88,8,4
252,,101000,75,64,49,,42.73,129200,0.00,16.58,8.29,9,4
253,,100896,70,64,49,,42.36,129200,0.00,15.76,7.88,8,4
254,,100104,70,56,49,,41.97,129200,0.00,15.77,7.88,8,4
255,,101003,75,64,49,,42.39,129200,0.03,17.48,8.76,8,4
256,,100997,70,67,49,,41.61,129200,0.00,15.97,7.99,8,4
257,,101000,70,64,49,,41.58,129200,0.00,15.76,7.88,8,4
258,,100896,75,64,49,,42.09,129200,0.00,15.77,7.88,8,4
259,,100055,70,56,49,,41.39,129200,0.00,15.77,7.88,8,4
260,,101052,70,13,49,,41.24,129200,0.00,16.58,8.29,8,4
261,,100998,75,67,49,,41.64,129200,0.00,15.76,7.88,8,4
262,,100950,70,64,49,,41.00,129200,0.00,15.77,7.88,8,4
263,,101026,70,13,49,,41.06,129200,0.00,18.74,9.37,8,4
264,,100974,69,14,50,,41.39,129200,6.73,16.33,11.53,8,4
265,,101000,70,13,49,,40.52,129200,0.00,15.77,7.88,8,4
266,,101000,70,13,49,,40.82,129200,0.00,15.76,7.88,8,5
267,,101000,70,13,49,,40.82,129200,0.00,15.77,7.88,8,5
268,,101000,70,13,49,,40.18,129200,0.00,15.76,7.88,8,4
269,,101000,70,13,49,,40.09,129200,0.00,16.58,8.29,8,4
270,,101872,69,13,49,,40.48,129200,0.00,15.76,7.88,8,4
271,,100128,70,12,50,,39.82,129200,0.00,15.77,7.88,8,4
272,,101000,70,13,49,,39.91,129200,0.03,17.48,8.76,8,4
273,,101000,70,13,49,,40.24,129200,0.00,15.97,7.99,8,5
274,,101000,70,13,49,,39.97,129200,0.00,15.76,7.88,8,4
275,,101000,70,13,49,,39.42,129200,0.00,15.76,7.88,8,4
276,,101000,69,13,49,,39.73,129200,0.00,15.77,7.88,8,4
277,,101872,70,13,49,,39.42,129200,0.00,16.58,8.29,8,4
278,,100178,70,12,50,,39.09,129200,0.00,15.76,7.88,8,4
279,,100950,70,64,49,,39.15,129200,0.00,15.77,7.88,8,4
280,,101000,70,13,49,,39.12,129200,0.03,17.48,8.76,8,4
281,,101049,70,13,49,,39.09,129200,0.00,15.97,7.99,8,4
282,,101001,70,64,49,,38.61,129200,0.00,15.77,7.88,8,4
283,,101000,70,64,49,,39.91,129200,0.00,15.77,7.88,8,4
284,,101866,70,64,49,,40.64,129200,0.00,15.76,7.88,8,4
285,,100133,70,56,50,,41.55,129200,0.79,16.44,8.62,8,4
286,,101003,70,64,49,,41.30,129200,0.00,15.90,7.95,8,4
287,,100997,70,67,49,,41.33,129200,0.00,15.77,7.88,8,4
288,,100951,70,64,49,,41.21,129200,0.00,15.77,7.88,8,4
289,,100901,70,13,49,,41.03,129200,0.03,17.48,8.76,8,4
290,,100099,70,13,49,,41.03,129200,0.00,15.97,7.99,8,4
291,,101000,70,13,49,,41.03,129200,0.00,15.77,7.88,8,4
292,,101000,70,13,49,,40.58,129200,0.00,15.76,7.88,8,4
293,,101000,70,13,49,,40.76,129200,0.00,15.76,7.88,8,4
294,,101000,70,13,49,,40.64,129200,0.00,16.58,8.29,8,4
295,,101000,70,13,49,,40.30,129200,0.00,15.76,7.88,8,4
296,,101872,73,13,49,,40.52,129200,0.00,15.77,7.88,8,4
297,,100128,70,12,50,,40.33,129200,0.03,17.48,8.76,8,4
298,,101000,70,13,49,,40.24,129200,0.00,15.97,7.99,8,4
299,,101000,70,13,49,,40.12,129200,0.00,15.76,7.88,8,5
300,,101000,70,13,49,,39.94,129200,0.00,15.77,7.88,8,4
301,,101000,70,13,49,,39.79,129200,0.00,15.77,7.88,8,4
302,,101000,70,13,49,,39.88,129200,0.00,16.58,8.29,8,5
303,,101872,70,13,49,,39.39,129200,0.00,15.76,7.88,8,4
304,,100128,70,12,50,,39.52,129200,0.00,15.77,7.88,8,4
305,,101052,70,13,49,,39.12,129200,0.00,15.77,7.88,8,4
306,,100948,70,67,49,,39.24,129200,0.00,17.73,8.87,8,4
307,,101000,70,13,49,,39.24,129200,0.00,15.77,7.88,8,4
308,,100945,70,13,49,,39.15,129200,0.00,15.76,7.88,8,4
309,,100104,70,56,49,,38.76,129200,0.00,15.77,7.88,8,4
310,,101003,70,64,49,,39.52,129200,0.80,16.45,8.63,8,4
311,,100998,70,67,49,,40.27,129200,0.00,15.89,7.94,8,4
312,,100999,70,64,49,,41.24,129200,0.00,15.77,7.88,8,4
313,,100852,70,64,49,,41.76,129200,0.00,15.77,7.88,8,4
314,,100148,70,13,49,,41.33,129200,0.03,17.48,8.76,8,4
315,,101003,70,64,49,,41.30,129200,0.00,15.97,7.99,8,4
316,,100948,70,67,49,,41.42,129200,0.00,15.76,7.88,8,4
317,,101000,70,13,49,,40.82,129200,0.00,15.76,7.88,8,4
318,,100901,70,13,49,,41.03,129200,0.00,15.77,7.88,8,4
319,,100099,70,13,49,,41.15,129200,0.00,16.58,8.29,8,4
320,,101000,70,13,49,,40.70,129200,0.00,15.76,7.88,8,4
321,,101000,70,13,49,,40.61,129200,0.00,15.77,7.88,8,4
322,,101000,70,13,49,,40.64,129200,0.00,18.74,9.37,8,4
323,,101000,70,13,49,,40.21,129200,6.73,16.33,11.53,8,4
324,,101000,70,13,49,,40.21,129200,0.00,15.77,7.88,8,4
325,,101872,70,13,49,,40.24,129200,0.00,15.77,7.88,8,4
326,,100128,70,13,49,,39.94,129200,0.00,15.76,7.88,8,4
327,,101000,70,13,49,,39.73,129200,0.00,16.58,8.29,8,4
328,,101000,70,13,49,,39.94,129200,0.00,15.76,7.88,8,4
329,,101000,70,13,49,,39.52,129200,0.00,15.77,7.88,8,4
330,,101000,70,13,49,,39.58,129200,0.00,15.77,7.88,8,4
331,,101000,70,13,49,,39.33,129200,0.03,17.48,8.76,8,4
332,,101916,70,13,49,,39.52,129200,0.00,15.97,7.99,8,4
333,,100084,70,56,50,,39.09,129200,0.00,15.77,7.88,8,4
334,,101000,73,13,49,,39.52,129200,0.00,15.76,7.88,8,4
335,,101049,70,13,49,,39.15,129200,0.00,15.76,7.88,8,4
336,,101001,70,64,49,,38.64,129200,0.00,16.67,8.33,8,4
337,,100999,70,64,49,,39.82,129200,0.00,15.77,7.88,8,5
338,,101001,70,64,49,,40.24,129200,0.00,15.77,7.88,8,4
339,,101866,70,64,49,,41.24,129200,0.03,17.48,8.76,8,4
340,,100133,70,56,50,,41.64,129200,0.00,15.97,7.99,8,4
341,,100951,70,64,49,,41.21,129200,0.00,15.76,7.88,8,4
342,,101049,70,13,49,,41.15,129200,0.00,15.77,7.88,8,4
343,,100951,70,64,49,,41.24,129200,0.00,15.77,7.88,8,4
344,,101000,70,13,49,,41.03,129200,0.00,16.58,8.29,8,4
345,,101000,70,13,49,,41.00,129200,0.00,15.76,7.88,8,4
346,,101872,70,13,49,,41.15,129200,0.00,15.77,7.88,8,4
347,,100128,70,12,50,,40.52,129200,0.00,15.77,7.88,8,4
348,,101000,70,13,49,,40.61,129200,0.13,17.92,9.03,8,4
349,,101000,70,13,49,,40.61,129200,0.00,15.99,7.99,8,4
350,,101000,70,13,49,,40.30,129200,0.00,15.76,7.88,8,4
351,,101000,70,13,49,,40.24,129200,0.00,15.77,7.88,8,4
352,,101000,70,13,49,,40.21,129200,0.00,16.58,8.29,8,4
353,,101872,70,13,49,,39.73,129200,0.00,15.76,7.88,8,4
354,,100128,74,12,50,,40.33,129200,0.00,15.77,7.88,8,4
355,,101000,70,13,49,,39.88,129200,0.00,15.77,7.88,8,4
356,,101000,70,13,49,,39.42,129200,0.03,17.48,8.76,8,4
357,,101000,69,13,49,,39.91,129200,0.00,15.97,7.99,8,4
358,,101000,70,13,49,,39.48,129200,0.00,15.76,7.88,8,4
359,,101000,70,13,49,,39.45,129200,0.00,15.76,7.88,8,4
360,,101916,70,13,49,,39.12,129200,0.00,15.77,7.88,8,4
361,,100133,70,56,50,,39.12,129200,0.00,16.61,8.30,8,4
362,,100951,70,64,49,,39.15,129200,0.00,15.76,7.88,8,4
363,,101000,70,13,49,,39.00,129200,0.00,15.77,7.88,8,4
364,,101049,70,13,49,,38.73,129200,0.00,15.77,7.88,8,4
365,,101000,70,64,49,,38.70,129200,0.00,17.73,8.87,8,4
366,,101000,70,64,49,,39.79,129200,0.00,15.77,7.88,8,4
367,,101867,70,64,49,,40.64,129200,0.00,15.77,7.88,8,4
368,,100134,70,56,50,,41.33,129200,0.00,15.76,7.88,8,4
369,,101004,70,64,49,,42.39,129200,0.00,16.58,8.29,8,4
370,,100996,70,69,49,,42.36,129200,0.00,15.76,7.88,8,4
371,,101000,70,65,49,,42.06,129200,0.00,15.77,7.88,8,4
372,,101011,70,65,49,,42.12,129200,0.00,15.77,7.88,8,4
373,,100988,70,59,50,,41.67,129200,0.13,17.92,9.03,8,4
374,,100951,69,64,49,,41.91,129200,0.00,15.99,7.99,8,4
375,,101049,70,13,49,,41.82,129200,0.00,15.77,7.88,8,5
376,,101000,70,64,49,,41.48,129200,0.00,15.76,7.88,8,4
377,,100951,70,64,49,,41.55,129200,0.00,16.58,8.29,8,5
378,,101000,70,13,49,,41.33,129200,0.00,15.76,7.88,8,4
379,,101872,70,13,49,,40.82,129200,0.00,15.77,7.88,8,4
380,,100128,69,12,50,,41.39,129200,0.00,15.77,7.88,8,4
381,,101000,70,13,49,,41.09,129200,0.00,19.13,9.57,8,4
382,,101000,70,13,49,,40.70,129200,5.80,15.13,10.47,8,4
383,,101000,70,13,49,,40.82,129200,0.00,15.76,7.88,8,5
384,,101000,70,13,49,,40.67,129200,0.00,15.77,7.88,8,4
385,,101000,70,13,49,,40.18,129200,0.00,15.77,7.88,8,4
386,,101872,69,13,49,,40.76,129200,0.00,16.60,8.30,8,4
387,,100128,70,12,50,,40.18,129200,0.00,15.76,7.88,8,4
388,,101000,70,13,49,,39.85,129200,0.00,15.77,7.88,8,4
389,,101000,70,13,49,,39.88,129200,0.00,15.77,7.88,8,4
390,,101000,70,13,49,,39.91,129200,0.13,17.92,9.03,8,4
391,,101049,70,13,49,,39.94,129200,0.00,15.99,7.99,8,4
392,,100951,70,64,49,,39.48,129200,0.00,15.76,7.88,8,4
393,,101916,70,13,49,,39.48,129200,0.00,15.77,7.88,8,4
394,,100084,70,56,50,,39.48,129200,0.00,16.58,8.29,8,4
395,,101000,70,13,49,,39.12,129200,0.00,15.76,7.88,8,4
396,,101000,70,13,49,,38.97,129200,0.00,15.77,7.88,8,4
397,,101000,70,13,49,,40.36,129200,0.00,15.77,7.88,8,4
398,,101000,70,13,49,,41.03,129200,0.13,17.92,9.03,8,4
399,,101000,70,13,49,,40.91,129200,0.00,15.99,7.99,8,4
400,,101872,70,13,49,,40.48,129200,0.00,15.76,7.88,8,4
401,,100128,70,12,50,,40.61,129200,0.00,15.76,7.88,8,4
402,,101000,70,13,49,,40.73,129200,0.00,16.58,8.29,8,4
403,,101000,73,13,49,,40.64,129200,0.00,15.76,7.88,8,4
404,,101000,70,13,49,,40.09,129200,0.00,15.77,7.88,8,4
405,,101000,70,13,49,,40.48,129200,0.00,15.77,7.88,8,4
406,,101000,70,13,49,,40.52,129200,0.00,15.77,7.88,8,5
407,,101872,70,13,49,,39.91,129200,0.13,17.94,9.04,8,4
408,,100128,70,12,50,,39.91,129200,0.00,15.99,7.99,8,4
409,,101000,70,13,49,,39.91,129200,0.00,15.77,7.88,8,4
410,,101000,70,13,49,,39.42,129200,0.00,15.76,7.88,8,4
411,,101000,70,13,49,,39.45,129200,0.00,16.60,8.30,8,4
412,,101049,70,13,49,,39.39,129200,0.00,15.76,7.88,8,4
413,,100951,70,64,49,,39.55,129200,0.00,15.77,7.88,8,4
414,,101872,70,13,49,,39.12,129200,0.00,15.77,7.88,8,4
415,,100178,70,13,49,,39.09,129200,0.13,17.92,9.03,8,4
416,,101002,70,64,49,,39.21,129200,0.00,15.99,7.99,8,4
417,,100997,70,67,49,,38.79,129200,0.00,15.77,7.88,8,4
418,,101001,70,64,49,,39.33,129200,0.00,15.76,7.88,8,4
419,,100895,70,64,49,,40.18,129200,0.00,16.58,8.29,8,4
420,,100104,70,56,49,,41.27,129200,0.00,15.76,7.88,8,4
421,,100951,70,64,49,,41.73,129200,0.00,15.77,7.88,8,4
422,,101000,70,13,49,,41.24,129200,0.00,15.77,7.88,8,4
423,,101000,70,13,49,,41.33,129200,0.00,19.13,9.57,8,4
424,,101050,70,13,49,,41.24,129200,5.80,15.13,10.47,8,4
425,,100950,70,64,49,,41.09,129200,0.00,15.76,7.88,8,4
426,,101872,70,13,49,,40.94,129200,0.00,15.77,7.88,8,4
427,,100128,70,12,50,,40.97,129200,0.00,16.58,8.29,8,4
428,,101000,70,13,49,,40.67,129200,0.00,15.76,7.88,8,4
429,,101000,73,13,49,,41.09,129200,0.00,15.77,7.88,8,4
430,,101000,70,13,49,,40.64,129200,0.00,15.77,7.88,8,4
431,,101000,70,13,49,,40.21,129200,0.00,15.77,7.88,8,4
432,,101000,70,13,49,,40.61,129200,0.13,17.92,9.03,8,5
433,,101872,70,13,49,,40.09,129200,0.00,15.99,7.99,8,4
434,,100128,70,12,50,,39.94,129200,0.00,15.76,7.88,8,4
435,,101000,70,13,49,,39.94,129200,0.00,15.77,7.88,8,4
436,,101000,70,13,49,,39.94,129200,0.00,16.61,8.30,8,4
437,,101000,70,13,49,,39.39,129200,0.00,15.76,7.88,8,4
438,,101000,70,13,49,,39.52,129200,0.00,15.77,7.88,8,4
439,,101049,70,13,49,,39.48,129200,0.00,15.77,7.88,8,4
440,,101823,70,64,49,,39.52,129200,0.13,17.92,9.03,8,4
441,,100128,70,12,50,,39.09,129200,0.00,15.99,7.99,8,4
442,,101052,70,13,49,,39.12,129200,0.00,15.76,7.88,8,4
443,,100997,70,67,49,,39.12,129200,0.00,15.76,7.88,8,4
444,,101000,70,64,49,,38.85,129200,0.00,16.58,8.29,8,4
445,,100896,70,64,49,,39.52,129200,0.00,15.76,7.88,8,4
446,,100104,70,56,49,,40.09,129200,0.00,15.77,7.88,8,4
447,,101003,70,64,49,,41.33,129200,0.00,15.77,7.88,8,4
448,,100997,70,67,49,,41.67,129200,0.00,15.77,7.88,8,4
449,,100951,70,64,49,,41.42,129200,0.13,17.94,9.04,8,4
450,,100901,70,13,49,,41.30,129200,0.00,15.99,7.99,8,4
451,,100099,70,13,49,,41.33,129200,0.00,15.77,7.88,8,4
452,,101000,70,13,49,,41.03,129200,0.00,16.58,8.29,8,4
453,,101000,70,13,49,,41.03,129200,0.00,15.76,7.88,8,4
454,,101000,70,13,49,,40.94,129200,0.00,15.77,7.88,8,4
455,,101000,70,13,49,,40.52,129200,0.00,15.77,7.88,8,4
456,,101000,70,13,49,,40.61,129200,0.00,15.77,7.88,8,4
457,,101872,70,13,49,,40.52,129200,0.03,17.48,8.76,8,4
458,,100128,73,12,50,,40.52,129200,0.00,15.97,7.99,8,4
459,,101000,70,13,49,,40.27,129200,0.00,15.77,7.88,8,4
460,,101000,70,13,49,,40.33,129200,0.00,15.76,7.88,8,4
461,,101000,70,13,49,,40.09,129200,0.00,16.60,8.30,8,5
462,,101000,70,13,49,,39.91,129200,0.00,15.76,7.88,8,4
463,,101000,70,13,49,,39.82,129200,0.00,15.77,7.88,8,4
464,,101872,69,13,49,,39.79,129200,0.00,15.77,7.88,8,4
465,,100128,70,12,50,,39.48,129200,0.00,18.74,9.37,8,4
466,,101000,70,13,49,,39.52,129200,6.73,16.33,11.53,8,4
467,,101050,70,13,49,,39.48,129200,0.00,15.76,7.88,8,4
468,,100999,70,64,49,,39.15,129200,0.00,15.77,7.88,8,4
469,,100951,70,64,49,,39.06,129200,0.00,16.58,8.29,8,4
470,,101000,70,13,49,,39.15,129200,0.00,15.76,7.88,8,4
471,,101916,70,13,49,,39.09,129200,0.00,15.77,7.88,8,4
472,,100133,70,56,50,,38.73,129200,0.00,15.77,7.88,8,4
473,,101003,70,64,49,,38.64,129200,0.00,15.77,7.88,8,4
474,,100997,70,67,49,,39.91,129200,0.03,17.48,8.76,8,4
475,,101000,70,64,49,,40.42,129200,0.00,15.97,7.99,8,4
476,,100896,70,64,49,,41.24,129200,0.00,15.76,7.88,8,4
477,,100104,70,56,49,,42.48,129200,0.00,16.58,8.29,8,4
478,,101005,70,64,49,,42.52,129200,0.00,15.76,7.88,8,4
479,,100996,70,69,49,,42.03,129200,0.00,15.77,7.88,8,4
480,,101000,70,65,49,,41.88,129200,0.00,15.77,7.88,8,4
481,,101011,70,65,49,,41.58,129200,0.00,15.77,7.88,8,4
482,,100939,70,59,50,,41.61,129200,0.03,17.48,8.76,8,4
483,,101000,70,13,49,,41.58,129200,0.00,15.97,7.99,8,4
484,,101000,69,13,49,,41.39,129200,0.00,15.76,7.88,8,4
485,,101000,70,13,49,,41.52,129200,0.00,15.76,7.88,8,4
486,,101000,70,13,49,,41.42,129200,0.00,16.58,8.29,8,4
487,,101000,70,13,49,,41.15,129200,0.00,15.76,7.88,8,5
488,,101872,70,13,49,,40.91,129200,0.00,15.77,7.88,8,4
489,,100128,70,12,50,,41.00,129200,0.00,15.77,7.88,8,4
490,,101000,69,13,49,,41.00,129200,0.00,15.77,7.88,8,4
491,,101000,70,13,49,,40.64,129200,0.03,17.48,8.76,8,4
492,,101000,70,13,49,,40.67,129200,0.00,15.97,7.99,8,4
493,,101000,70,13,49,,40.73,129200,0.00,15.77,7.88,8,5
494,,101000,70,13,49,,40.12,129200,0.00,16.58,8.29,8,4
495,,101872,70,13,49,,40.36,129200,0.00,15.76,7.88,8,4
496,,100128,70,12,50,,40.03,129200,0.00,15.77,7.88,8,5
497,,101000,70,13,49,,39.94,129200,0.00,15.77,7.88,8,4
498,,101000,70,13,49,,39.94,129200,0.00,15.77,7.88,8,4
499,,101000,70,13,49,,39.85,129200,0.03,17.48,8.76,9,4
500,,101000,70,13,49,,39.52,129200,0.00,15.97,7.99,8,4
501,,101049,70,13,49,,39.58,129200,0.00,15.77,7.88,8,4
502,,101823,70,64,49,,39.55,129200,0.00,16.58,8.29,8,4
503,,100128,70,12,50,,39.15,129200,0.00,15.76,7.88,8,4
504,,101052,70,13,49,,39.03,129200,0.00,15.77,7.88,8,4
505,,100997,70,67,49,,39.15,129200,0.00,15.77,7.88,8,4
506,,101000,70,64,49,,39.03,129200,0.00,15.77,7.88,8,4
507,,100896,70,64,49,,38.91,129200,0.00,15.77,7.88,8,4
508,,100104,70,56,49,,39.88,129200,0.00,17.73,8.86,8,4
509,,101003,70,64,49,,40.70,129200,0.00,15.76,7.88,8,4
510,,100997,70,67,49,,41.79,129200,0.00,15.77,7.88,8,4
511,,101000,70,64,49,,42.09,129200,0.00,16.58,8.29,8,4
512,,100896,70,64,49,,41.61,129200,0.00,15.76,7.88,8,4
513,,100055,70,56,49,,41.73,129200,0.00,15.77,7.88,8,4
514,,101000,70,13,49,,41.58,129200,0.00,15.77,7.88,8,4
515,,101000,70,13,49,,41.15,129200,0.00,15.77,7.88,8,4
516,,101000,70,13,49,,41.21,129200,0.03,17.48,8.76,8,4
517,,101000,70,13,49,,41.15,129200,0.00,15.97,7.99,8,4
518,,101000,70,13,49,,41.03,129200,0.00,15.76,7.88,9,4
519,,101872,70,13,49,,40.88,129200,0.00,16.58,8.29,8,4
520,,100128,70,12,50,,41.00,129200,0.00,15.76,7.88,8,4
521,,101000,70,13,49,,40.52,129200,0.00,15.77,7.88,8,4
522,,101000,73,13,49,,40.82,129200,0.00,15.77,7.88,8,4
523,,101000,70,13,49,,40.67,129200,0.00,15.77,7.88,8,4
524,,101000,70,13,49,,40.24,129200,0.00,18.74,9.37,8,4
525,,101000,70,13,49,,40.73,129200,6.73,16.33,11.53,8,5
526,,101872,70,13,49,,40.27,129200,0.00,15.76,7.88,8,4
527,,100128,70,12,50,,39.94,129200,0.80,16.45,8.63,8,4
528,,101000,70,13,49,,39.94,129200,0.00,15.89,7.94,8,4
529,,101000,70,13,49,,39.94,129200,0.00,15.77,7.88,8,4
530,,101000,70,13,49,,39.94,129200,0.00,15.77,7.88,8,4
531,,101000,70,13,49,,39.48,129200,0.00,15.77,7.88,8,4
532,,101049,70,13,49,,39.55,129200,0.00,15.77,7.88,8,4
533,,101823,70,64,49,,39.52,129200,0.03,17.48,8.76,8,4
534,,100128,70,13,49,,39.15,129200,0.00,15.97,7.99,8,4
535,,101052,70,13,49,,39.06,129200,0.00,15.77,7.88,8,4
536,,100998,70,67,49,,39.15,129200,0.00,16.58,8.29,8,4
537,,100999,70,64,49,,39.15,129200,0.00,15.76,7.88,8,4
538,,100896,70,64,49,,38.73,129200,0.00,15.77,7.88,8,4
539,,100104,70,56,49,,39.15,129200,0.00,15.77,7.88,8,4
540,,100951,70,64,49,,40.27,129200,0.00,15.77,7.88,8,4
541,,101049,70,13,49,,41.09,129200,0.03,17.48,8.76,8,4
542,,100951,70,64,49,,41.70,129200,0.00,15.97,7.99,8,4
543,,101000,70,13,49,,41.21,129200,0.00,15.77,7.88,8,4
544,,101000,70,13,49,,41.42,129200,0.00,16.58,8.29,8,4
545,,101872,70,13,49,,41.06,129200,0.00,15.76,7.88,8,4
546,,100128,70,12,50,,40.97,129200,0.00,15.77,7.88,8,4
547,,101000,70,13,49,,41.12,129200,0.00,15.77,7.88,8,4
548,,101000,74,13,49,,40.85,129200,0.00,15.77,7.88,8,4
549,,101000,70,13,49,,40.70,129200,0.00,15.77,7.88,8,4
550,,101000,70,13,49,,40.48,129200,0.03,17.48,8.76,8,4
551,,101000,69,13,49,,40.52,129200,0.00,15.97,7.99,8,4
552,,101872,70,13,49,,40.27,129200,0.80,16.45,8.63,8,4
553,,100128,70,12,50,,40.18,129200,0.00,15.89,7.94,8,4
554,,101000,70,13,49,,40.36,129200,0.00,15.77,7.88,8,4
555,,101000,70,13,49,,39.91,129200,0.00,15.77,7.88,8,4
556,,101000,70,13,49,,39.82,129200,0.00,15.77,7.88,8,4
557,,101000,70,13,49,,39.94,129200,0.00,15.77,7.88,8,4
558,,101000,70,13,49,,39.52,129200,0.03,17.48,8.76,8,4
559,,101916,70,13,49,,39.55,129200,0.00,15.97,7.99,8,4
560,,100133,70,56,50,,39.48,129200,0.00,15.76,7.88,8,4
561,,100951,70,64,49,,39.55,129200,0.00,16.58,8.29,8,4
562,,101000,70,13,49,,39.12,129200,0.00,15.76,7.88,8,4
563,,101050,70,13,49,,39.03,129200,0.00,15.77,7.88,8,4
564,,100999,70,64,49,,39.12,129200,0.00,15.77,7.88,8,4
565,,101000,70,64,49,,38.79,129200,0.00,15.77,7.88,8,4
566,,101867,70,64,49,,38.85,129200,0.00,15.77,7.88,8,4
567,,100133,70,56,50,,39.82,129200,0.00,17.73,8.87,8,4
568,,101003,73,64,49,,40.94,129200,0.00,15.77,7.88,9,4
569,,100997,70,67,49,,41.67,129200,0.00,16.58,8.29,8,4
570,,101000,70,64,49,,42.55,129200,0.00,15.76,7.88,8,4
571,,100896,70,64,49,,42.70,129200,0.00,15.77,7.88,8,5
572,,100104,70,56,49,,42.09,129200,0.00,15.77,7.88,8,4
573,,101003,70,64,49,,42.03,129200,0.00,15.77,7.88,8,4
574,,100997,69,67,49,,42.36,129200,0.00,15.77,7.88,8,4
575,,101000,70,64,49,,41.58,129200,0.03,17.48,8.76,8,4
576,,100852,70,64,49,,41.61,129200,0.00,15.97,7.99,8,4
577,,100099,69,13,49,,41.64,129200,0.80,16.45,8.63,8,4
578,,101000,70,13,49,,41.30,129200,0.00,15.89,7.94,8,4
579,,101000,70,13,49,,41.33,129200,0.00,15.77,7.88,8,4
580,,101000,70,13,49,,41.30,129200,0.00,15.77,7.88,8,5
581,,101000,70,13,49,,41.09,129200,0.00,15.77,7.88,8,4
582,,101000,70,13,49,,40.94,129200,0.00,15.77,7.88,8,4
583,,101872,76,13,49,,40.91,129200,0.00,18.74,9.37,8,4
584,,100128,70,12,50,,40.73,129200,6.73,16.34,11.54,8,4
585,,101000,70,13,49,,40.64,129200,0.00,15.77,7.88,8,4
586,,101000,70,13,49,,40.12,129200,0.00,16.58,8.29,8,4
587,,101000,70,13,49,,40.39,129200,0.00,15.76,7.88,8,4
588,,101000,70,13,49,,40.21,129200,0.00,15.77,7.88,8,4
589,,101000,70,13,49,,40.12,129200,0.00,15.77,7.88,8,4
590,,101998,70,13,49,,39.82,129200,0.00,15.77,7.88,8,4
591,,101002,70,22,50,,39.94,129200,0.00,15.77,7.88,8,4
592,,101000,70,13,49,,39.94,129200,0.03,17.48,8.76,8,4
593,,101000,70,13,49,,39.52,129200,0.00,15.97,7.99,8,4
594,,101049,70,13,49,,39.55,129200,0.00,16.58,8.29,8,4
595,,100951,70,64,49,,39.64,129200,0.00,15.76,7.88,8,5
596,,101049,70,13,49,,39.67,129200,0.00,15.77,7.88,8,4
597,,101823,69,64,49,,39.45,129200,0.00,15.77,7.88,8,4
598,,100128,70,12,50,,39.21,129200,0.00,15.77,7.88,8,4
599,,101000,70,13,49,,39.15,129200,0.00,15.77,7.88,8,4
600,,101000,70,13,49,,39.15,129200,0.03,17.48,8.76,8,5
601,,101000,70,13,49,,38.73,129200,0.00,15.97,7.99,8,4
602,,101000,70,13,49,,39.85,129200,0.00,15.76,7.88,8,4
603,,101000,70,13,49,,41.09,129200,0.00,16.67,8.33,8,4
604,,101872,70,13,49,,40.76,129200,0.00,15.77,7.88,8,4
605,,100128,70,12,50,,40.70,129200,0.00,15.77,7.88,8,4
606,,101000,69,13,49,,40.67,129200,0.00,15.77,7.88,8,4
607,,101000,70,13,49,,40.21,129200,0.00,15.77,7.88,8,4
608,,101000,70,13,49,,40.24,129200,0.00,15.77,7.88,8,4
609,,101000,70,13,49,,39.94,129200,0.03,17.48,8.76,8,4
610,,101000,70,13,49,,39.94,129200,0.00,15.97,7.99,8,4
611,,101872,70,13,49,,39.94,129200,0.00,16.58,8.29,8,4
612,,100177,70,12,50,,39.52,129200,0.00,15.76,7.88,8,4
613,,100951,70,64,49,,39.48,129200,0.00,15.77,7.88,8,4
614,,101000,70,13,49,,39.61,129200,0.00,15.77,7.88,8,4
615,,101049,70,13,49,,39.52,129200,0.00,15.77,7.88,8,4
616,,101000,70,64,49,,39.09,129200,0.00,15.77,7.88,8,4
617,,101000,70,64,49,,39.12,129200,0.13,17.92,9.03,8,4
618,,101867,70,64,49,,39.12,129200,0.00,15.99,7.99,8,4
619,,100134,70,56,50,,38.70,129200,0.00,16.58,8.29,8,4
620,,100950,70,64,49,,39.52,129200,0.00,15.76,7.88,8,4
621,,101000,70,13,49,,40.24,129200,0.00,15.77,7.88,8,4
622,,101000,70,13,49,,41.24,129200,0.00,15.77,7.88,8,4
623,,101000,73,13,49,,42.00,129200,0.00,15.77,7.88,8,4
624,,101000,70,13,49,,41.18,129200,0.00,15.77,7.88,8,4
625,,101872,70,13,49,,41.24,129200,0.00,15.77,7.88,8,4
626,,100128,70,12,50,,41.61,129200,0.00,16.58,8.29,8,5
627,,101000,70,13,49,,40.91,129200,0.00,15.76,7.88,8,4
628,,101000,70,13,49,,40.82,129200,0.00,15.77,7.88,8,4
629,,101000,70,13,49,,40.85,129200,0.00,15.77,7.88,8,4
630,,101000,70,13,49,,40.48,129200,0.00,15.77,7.88,8,4
631,,101000,70,13,49,,40.64,129200,0.00,15.77,7.88,8,4
632,,101872,70,13,49,,40.58,129200,0.03,17.48,8.76,8,4
633,,100128,70,13,49,,40.27,129200,0.00,15.97,7.99,8,4
634,,101000,70,13,49,,40.12,129200,0.00,16.58,8.29,8,4
635,,101000,70,13,49,,40.27,129200,0.00,15.76,7.88,8,4
636,,101000,70,13,49,,39.82,129200,0.00,15.77,7.88,8,4
637,,101000,70,13,49,,39.79,129200,0.00,15.77,7.88,8,4
638,,101000,70,13,49,,39.94,129200,0.00,15.77,7.88,8,4
639,,101872,70,13,49,,39.45,129200,0.00,15.77,7.88,8,4
640,,100177,70,12,50,,39.52,129200,0.03,17.48,8.76,8,4
641,,100951,70,64,49,,39.45,129200,0.00,15.97,7.99,8,4
642,,101000,70,13,49,,39.52,129200,0.00,15.76,7.88,8,4
643,,101000,74,13,49,,39.48,129200,0.00,16.58,8.29,8,4
644,,101049,70,13,49,,39.09,129200,0.00,15.76,7.88,8,4
645,,101000,70,64,49,,39.06,129200,0.00,15.77,7.88,8,4
646,,101867,69,64,49,,39.33,129200,0.00,15.77,7.88,8,4
647,,100133,70,56,50,,38.73,129200,0.00,15.77,7.88,8,4
648,,101003,70,64,49,,39.15,129200,0.00,15.77,7.88,8,4
649,,100997,70,67,49,,40.24,129200,0.00,17.73,8.87,8,4
650,,101000,70,64,49,,41.00,129200,0.00,15.77,7.88,8,4
651,,100896,70,64,49,,41.97,129200,0.00,16.58,8.29,8,4
652,,100104,70,56,50,,42.36,129200,0.00,15.76,7.88,8,4
653,,101003,70,64,49,,42.03,129200,0.00,15.77,7.88,8,4
654,,100998,70,67,49,,41.97,129200,0.00,15.77,7.88,8,4
655,,100999,70,64,49,,42.03,129200,0.00,15.77,7.88,8,4
656,,100852,70,64,49,,41.64,129200,0.00,15.77,7.88,8,4
657,,100099,70,12,50,,41.64,129200,0.03,17.48,8.76,8,4
658,,101000,70,13,49,,41.70,129200,0.00,15.97,7.99,8,4
659,,101000,70,13,49,,41.39,129200,0.00,16.57,8.28,8,4
660,,101000,70,13,49,,41.30,129200,0.00,15.76,7.88,8,4
661,,101000,70,13,49,,41.24,129200,0.00,15.77,7.88,8,4
662,,101000,70,13,49,,41.03,129200,0.00,15.77,7.88,8,4
663,,101872,70,13,49,,40.88,129200,0.00,15.77,7.88,8,4
664,,100128,70,12,50,,41.00,129200,0.00,15.77,7.88,8,4
665,,101000,70,13,49,,40.61,129200,0.00,18.74,9.37,8,4
666,,101000,70,13,49,,40.58,129200,6.73,16.33,11.53,8,4
667,,101000,70,13,49,,40.61,129200,0.00,15.77,7.88,8,4
668,,101000,70,13,49,,40.24,129200,0.00,16.58,8.29,8,4
669,,101000,70,13,49,,40.36,129200,0.00,15.76,7.88,8,4
670,,101872,70,13,49,,40.33,129200,0.00,15.77,7.88,8,4
671,,100128,70,12,50,,39.79,129200,0.00,15.77,7.88,8,4
672,,101000,70,13,49,,39.94,129200,0.00,15.77,7.88,8,4
673,,101000,70,13,49,,39.88,129200,0.00,15.77,7.88,8,4
674,,101000,70,13,49,,39.48,129200,0.03,17.48,8.76,8,4
675,,101050,74,13,49,,39.82,129200,0.00,15.97,7.99,8,4
676,,100999,70,64,49,,39.48,129200,0.00,16.58,8.29,8,4
677,,101823,70,64,49,,39.48,129200,0.00,15.76,7.88,8,4
678,,100128,69,12,50,,39.42,129200,0.00,15.77,7.88,8,4
679,,101052,70,13,49,,39.12,129200,0.00,15.77,7.88,9,4
680,,100997,70,67,49,,39.12,129200,0.00,15.77,7.88,8,4
681,,101000,70,64,49,,39.15,129200,0.00,15.77,7.88,8,4
682,,100896,70,64,49,,38.79,129200,0.03,17.48,8.76,8,4
683,,100104,70,56,49,,38.76,129200,0.00,15.97,7.99,8,4
684,,101003,70,64,49,,39.91,129200,0.80,16.45,8.63,8,4
685,,100997,70,67,49,,40.61,129200,0.00,15.89,7.94,8,4
686,,101001,70,64,49,,41.30,129200,0.00,15.77,7.88,8,4
687,,100895,70,64,49,,42.36,129200,0.00,15.77,7.88,8,4
688,,100105,70,56,49,,42.33,129200,0.00,15.77,7.88,8,4
689,,101002,70,64,49,,41.97,129200,0.00,15.77,7.88,8,4
690,,100998,70,67,49,,42.09,129200,0.00,15.77,7.88,8,4
691,,100950,70,64,49,,41.70,129200,0.03,17.48,8.76,8,4
692,,100901,70,13,49,,41.70,129200,0.00,15.97,7.99,8,4
693,,100099,70,13,49,,41.55,129200,0.00,16.58,8.29,8,4
694,,101000,70,13,49,,41.30,129200,0.00,15.76,7.88,8,4
695,,101000,70,13,49,,41.39,129200,0.00,15.77,7.88,8,4
696,,101000,70,13,49,,41.24,129200,0.00,15.77,7.88,8,4
697,,101000,70,13,49,,41.09,129200,0.00,15.77,7.88,8,4
698,,101000,70,13,49,,40.94,129200,0.00,15.77,7.88,8,4
699,,101998,70,13,49,,41.00,129200,0.03,17.48,8.76,8,4
700,,101002,70,22,50,,40.61,129200,0.00,15.97,7.99,8,4
701,,101000,70,13,49,,40.52,129200,0.00,16.57,8.28,8,4
702,,101000,70,13,49,,40.76,129200,0.00,15.76,7.88,8,4
703,,101000,70,13,49,,40.12,129200,0.00,15.77,7.88,8,4
704,,101000,70,13,49,,40.21,129200,0.00,15.77,7.88,8,4
705,,101000,70,13,49,,40.39,129200,0.00,15.77,7.88,8,5
706,,101872,70,13,49,,39.94,129200,0.00,15.77,7.88,8,5
707,,100128,69,12,50,,40.12,129200,0.00,15.77,7.88,8,4
708,,101000,70,13,49,,39.82,129200,0.07,18.24,9.15,8,4
709,,101049,70,13,49,,39.85,129200,0.74,16.46,8.60,8,4
710,,100951,69,64,49,,39.79,129200,0.00,15.89,7.94,8,4
711,,101000,70,13,49,,39.52,129200,0.00,15.77,7.88,8,4
712,,101049,70,13,49,,39.55,129200,0.00,15.77,7.88,8,4
713,,101867,70,64,49,,39.58,129200,0.00,15.77,7.88,8,5
714,,100133,70,56,50,,39.15,129200,0.00,15.77,7.88,8,4
715,,101003,70,64,49,,39.09,129200,0.00,15.77,7.88,8,4
716,,100998,70,67,49,,39.48,129200,0.13,17.92,9.03,8,5
717,,100999,70,64,49,,38.70,129200,0.00,15.99,7.99,8,4
718,,100896,70,64,49,,39.94,129200,0.00,16.58,8.29,8,4
719,,100104,70,56,50,,40.67,129200,0.00,15.76,7.88,8,4
720,,100951,70,64,49,,41.73,129200,0.00,15.77,7.88,8,4
721,,101000,70,13,49,,42.00,129200,0.00,15.77,7.88,8,4
722,,101050,70,13,49,,41.73,129200,0.00,15.77,7.88,8,4
723,,100950,70,64,49,,41.67,129200,0.00,15.77,7.88,8,4
724,,101000,70,13,49,,41.67,129200,0.00,18.74,9.37,8,4
725,,101872,70,13,49,,41.33,129200,6.73,16.33,11.53,8,4
726,,100128,70,12,50,,41.52,129200,0.00,16.58,8.29,8,4
727,,101000,70,13,49,,41.21,129200,0.00,15.76,7.88,8,4
728,,101000,70,13,49,,40.94,129200,0.00,15.77,7.88,8,4
729,,101000,70,13,49,,40.94,129200,0.00,15.77,7.88,8,4
730,,101000,70,13,49,,41.03,129200,0.00,15.77,7.88,8,4
731,,101000,70,13,49,,40.73,129200,0.00,15.77,7.88,8,4
732,,101872,70,13,49,,40.67,129200,0.00,15.77,7.88,8,4
733,,100128,70,12,50,,40.76,129200,0.03,17.48,8.76,8,4
734,,101000,70,13,49,,40.27,129200,0.00,15.97,7.99,8,4
735,,101000,70,13,49,,40.39,129200,0.00,16.68,8.34,8,4
736,,101049,73,13,49,,40.64,129200,0.00,15.77,7.88,8,4
737,,100951,70,64,49,,39.88,129200,0.00,15.77,7.88,8,4
738,,101000,70,13,49,,39.82,129200,0.00,15.77,7.88,8,4
739,,101916,69,13,49,,40.12,129200,0.00,15.77,7.88,8,4
740,,100133,70,56,50,,39.79,129200,0.00,15.77,7.88,8,4
741,,101003,70,64,49,,39.48,129200,0.13,17.92,9.03,8,4
742,,100997,69,67,49,,39.94,129200,0.00,15.99,7.99,8,4
743,,101000,70,64,49,,39.55,129200,0.00,16.57,8.28,8,4
744,,100896,70,64,49,,38.97,129200,0.00,15.76,7.88,8,4
745,,100104,70,56,49,,39.79,129200,0.00,15.77,7.88,8,4
746,,100951,70,64,49,,40.52,129200,0.00,15.77,7.88,8,4
747,,101000,70,13,49,,41.55,129200,0.00,15.77,7.88,8,4
748,,101000,70,13,49,,42.03,129200,0.00,15.77,7.88,8,4
749,,101000,70,13,49,,41.58,129200,0.00,15.77,7.88,8,4
750,,101000,70,13,49,,41.55,129200,0.13,17.92,9.03,8,4
751,,101872,70,13,49,,41.33,129200,0.00,16.80,8.40,8,4
752,,100128,70,13,49,,41.39,129200,0.00,15.76,7.88,8,4
753,,101000,70,13,49,,41.33,129200,0.00,15.77,7.88,8,4
754,,101000,70,13,49,,40.91,129200,0.00,15.77,7.88,8,4
755,,101000,70,13,49,,40.88,129200,0.00,15.77,7.88,8,4
756,,101000,70,13,49,,41.00,129200,0.00,15.77,7.88,8,4
757,,101000,70,13,49,,40.58,129200,0.00,15.77,7.88,8,4
758,,101872,70,13,49,,40.61,129200,0.13,17.92,9.03,8,4
759,,100128,70,12,50,,40.48,129200,0.00,15.99,7.99,8,4
760,,101000,70,13,49,,40.27,129200,0.00,16.60,8.30,8,4
761,,101000,70,13,49,,40.24,129200,0.00,15.76,7.88,8,4
762,,101000,74,13,49,,40.52,129200,0.00,15.77,7.88,8,5
763,,101000,70,13,49,,40.24,129200,0.00,15.77,7.88,8,4
764,,101000,70,13,49,,39.94,129200,0.00,15.77,7.88,8,4
765,,101872,69,13,49,,40.12,129200,0.00,15.77,7.88,8,4
766,,100178,70,12,50,,39.79,129200,0.00,15.77,7.88,8,4
767,,101002,70,64,49,,39.42,129200,0.07,18.24,9.15,8,4
768,,100948,70,67,49,,39.79,129200,0.00,16.59,8.29,8,5
769,,101000,70,13,49,,39.30,129200,0.00,15.76,7.88,8,4
770,,100944,70,13,49,,39.15,129200,0.00,15.77,7.88,8,4
771,,100105,70,56,50,,39.12,129200,0.00,15.77,7.88,8,4
772,,101003,70,64,49,,39.12,129200,0.00,15.77,7.88,8,4
773,,100997,70,67,49,,39.06,129200,0.00,15.77,7.88,8,4
774,,101001,70,64,49,,38.67,129200,0.00,15.77,7.88,8,4
775,,100895,70,64,49,,38.73,129200,0.13,17.92,9.03,8,4
776,,100104,70,56,50,,39.70,129200,0.00,16.80,8.40,8,4
777,,101003,70,64,49,,40.67,129200,0.00,15.76,7.88,8,4
778,,100998,70,67,49,,41.55,129200,0.00,15.77,7.88,8,4
779,,101000,70,64,49,,42.42,129200,0.00,15.77,7.88,8,4
780,,100894,70,64,49,,42.36,129200,0.00,15.77,7.88,8,4
781,,100056,70,56,50,,42.09,129200,0.00,15.77,7.88,8,4
782,,101000,70,13,49,,42.00,129200,0.00,15.77,7.88,8,4
783,,101000,70,13,49,,41.97,129200,0.00,19.13,9.56,8,4
784,,101000,70,13,49,,41.64,129200,5.81,15.13,10.47,8,4
785,,101000,70,13,49,,41.55,129200,0.00,16.60,8.30,8,4
786,,101000,70,13,49,,41.33,129200,0.00,15.76,7.88,8,4
787,,101872,70,13,49,,41.52,129200,0.00,15.77,7.88,8,4
788,,100128,70,12,50,,41.24,129200,0.00,15.77,7.88,8,4
789,,101000,70,13,49,,40.97,129200,0.00,15.77,7.88,8,4
790,,101000,70,13,49,,40.79,129200,0.00,15.77,7.88,8,4
791,,101000,70,13,49,,40.82,129200,0.00,15.77,7.88,8,4
792,,101000,70,13,49,,40.58,129200,0.13,17.92,9.03,8,4
793,,101000,70,13,49,,40.48,129200,0.00,16.80,8.40,8,4
794,,101872,70,13,49,,40.61,129200,0.00,15.76,7.88,8,4
795,,100128,70,12,50,,40.24,129200,0.00,15.77,7.88,8,4
796,,101000,70,13,49,,40.24,129200,0.00,15.77,7.88,8,4
797,,101000,70,13,49,,40.27,129200,0.00,15.77,7.88,8,4
798,,101000,70,13,49,,40.00,129200,0.00,15.77,7.88,8,4
799,,101000,70,13,49,,39.97,129200,0.00,15.77,7.88,8,4
800,,101000,73,13,49,,40.18,129200,0.13,17.92,9.03,8,4
801,,101916,70,13,49,,39.82,129200,0.00,16.80,8.40,8,4
802,,100133,70,56,50,,39.55,129200,0.00,15.76,7.88,8,4
803,,100951,69,64,49,,39.91,129200,0.00,15.77,7.88,8,4
804,,101000,70,13,49,,39.52,129200,0.00,15.77,7.88,8,4
805,,101049,70,13,49,,39.52,129200,0.00,15.77,7.88,8,4
806,,101003,70,64,49,,39.09,129200,0.00,15.77,7.88,8,4
807,,100998,70,66,49,,39.09,129200,0.00,15.77,7.88,8,4
808,,102000,70,65,49,,39.12,129200,0.00,15.77,7.88,8,4
809,,100999,70,75,50,,38.76,129200,0.13,17.94,9.04,8,4
810,,101003,70,64,49,,38.67,129200,0.00,16.85,8.42,8,4
811,,100997,70,67,49,,39.91,129200,0.00,15.76,7.88,8,4
812,,101000,70,64,49,,40.70,129200,0.00,15.77,7.88,8,4
813,,100896,70,64,49,,41.55,129200,0.00,15.77,7.88,8,4
814,,100104,70,56,49,,42.36,129200,0.00,15.77,7.88,8,4
815,,100951,69,64,49,,42.55,129200,0.00,15.77,7.88,8,4
816,,101000,70,13,49,,42.27,129200,0.00,15.77,7.88,8,5
817,,101000,69,13,49,,42.24,129200,0.13,17.92,9.03,8,4
818,,101000,70,13,49,,42.06,129200,0.00,16.80,8.40,8,4
819,,101000,70,13,49,,41.70,129200,0.00,15.76,7.88,8,4
820,,101872,73,13,49,,42.09,129200,0.00,15.77,7.88,8,4
821,,100128,70,13,50,,41.27,129200,0.00,15.77,7.88,8,4
822,,101000,70,13,49,,41.27,129200,0.00,15.77,7.88,8,4
823,,101000,70,13,49,,41.67,129200,0.00,15.77,7.88,8,4
824,,101000,70,13,49,,40.88,129200,0.00,15.77,7.88,8,4
825,,101000,70,13,49,,41.00,129200,0.00,19.13,9.56,8,4
826,,101000,70,13,49,,40.94,129200,5.81,15.89,10.85,8,4
827,,101872,70,13,49,,40.58,129200,0.00,15.76,7.88,8,4
828,,100128,70,12,50,,40.64,129200,0.00,15.77,7.88,9,4
829,,101000,70,13,49,,40.52,129200,0.00,15.77,7.88,8,4
830,,101000,70,13,49,,40.27,129200,0.00,15.77,7.88,8,4
831,,101000,70,13,49,,40.27,129200,0.00,15.77,7.88,8,4
832,,101000,70,13,49,,40.30,129200,0.00,15.77,7.88,8,4
833,,101000,70,13,49,,40.21,129200,0.00,15.77,7.88,8,4
834,,101872,70,13,49,,39.82,129200,0.03,17.48,8.76,8,4
835,,100177,70,12,50,,39.82,129200,0.00,16.84,8.42,8,4
836,,100951,70,64,49,,39.88,129200,0.00,15.76,7.88,8,4
837,,101000,70,13,49,,39.52,129200,0.00,15.77,7.88,8,4
838,,101049,70,13,49,,39.48,129200,0.00,15.77,7.88,8,4
839,,101000,70,64,49,,39.52,129200,0.00,15.77,7.88,8,4
840,,101001,74,64,49,,39.82,129200,0.00,15.77,7.88,8,4
841,,101866,70,64,49,,39.09,129200,0.00,15.77,7.88,8,4
842,,100133,70,56,50,,39.15,129200,0.13,17.92,9.03,8,4
843,,100951,69,64,49,,39.24,129200,0.00,16.80,8.40,8,4
844,,101000,70,13,49,,38.79,129200,0.00,15.76,7.88,8,4
845,,101000,70,13,49,,39.45,129200,0.00,15.77,7.88,8,4
846,,101000,70,13,49,,40.24,129200,0.00,15.77,7.88,8,4
847,,101000,70,13,49,,41.33,129200,0.00,15.77,7.88,8,4
848,,101872,70,13,49,,41.58,129200,0.00,15.77,7.88,8,4
849,,100128,70,12,50,,41.33,129200,0.00,15.77,7.88,8,4
850,,101000,70,13,49,,41.18,129200,0.00,15.77,7.88,8,4
851,,101000,70,13,49,,41.39,129200,0.03,18.30,9.17,8,4
852,,101000,70,13,49,,40.94,129200,0.00,15.97,7.99,8,4
853,,101000,70,13,49,,40.91,129200,0.00,15.77,7.88,8,4
854,,101000,70,13,49,,40.82,129200,0.00,15.77,7.88,8,4
855,,101872,70,13,49,,40.67,129200,0.00,15.77,7.88,8,4
856,,100128,70,13,49,,40.58,129200,0.00,15.77,7.88,8,4
857,,101000,70,13,49,,40.52,129200,0.00,15.77,7.88,8,4
858,,101000,70,13,49,,40.21,129200,0.00,15.77,7.88,8,4
859,,101000,70,13,49,,40.09,129200,0.03,17.48,8.76,8,4
860,,101000,74,13,49,,40.76,129200,0.00,16.84,8.42,8,4
861,,101000,70,13,49,,39.94,129200,0.00,15.76,7.88,8,4
862,,101916,70,13,49,,39.94,129200,0.00,15.77,7.88,8,4
863,,100084,69,56,50,,40.27,129200,0.00,15.77,7.88,8,4
864,,101000,70,13,49,,39.33,129200,0.00,15.77,7.88,8,4
865,,101049,70,13,49,,39.55,129200,0.00,15.77,7.88,8,4
866,,101001,70,64,49,,39.79,129200,0.00,15.77,7.88,8,5
867,,100999,70,64,49,,39.55,129200,0.00,19.13,9.56,8,4
868,,101000,70,64,49,,39.15,129200,5.81,15.90,10.85,8,4
869,,101867,70,64,49,,39.09,129200,0.00,15.76,7.88,8,4
870,,100084,70,56,50,,39.09,129200,0.00,15.77,7.88,8,4
871,,101000,70,13,49,,38.73,129200,0.00,15.77,7.88,8,4
872,,101000,70,13,49,,39.48,129200,0.00,15.77,7.88,8,4
873,,101000,70,13,49,,40.24,129200,0.00,15.77,7.88,8,4
874,,101050,70,13,49,,41.39,129200,0.00,15.77,7.88,8,4
875,,100950,70,64,49,,41.67,129200,0.00,15.77,7.88,8,4
876,,101872,70,13,49,,41.33,129200,0.03,18.29,9.16,8,4
877,,100128,70,12,50,,41.30,129200,0.00,15.97,7.99,8,4
878,,101000,70,13,49,,41.39,129200,0.00,15.77,7.88,8,4
879,,101000,70,13,49,,40.82,129200,0.00,15.77,7.88,8,4
880,,101000,70,13,49,,40.94,129200,0.00,15.77,7.88,8,4
881,,101000,70,13,49,,41.00,129200,0.00,15.77,7.88,8,4
882,,101000,70,13,49,,40.76,129200,0.00,15.77,7.88,8,4
883,,101872,74,13,49,,41.03,129200,0.00,15.77,7.88,8,5
884,,100128,70,12,50,,40.67,129200,0.03,17.48,8.76,8,4
885,,101000,70,13,49,,40.24,129200,0.00,16.84,8.42,8,4
886,,101000,69,13,49,,40.67,129200,0.00,15.76,7.88,8,4
887,,101000,70,13,49,,40.21,129200,0.00,15.77,7.88,8,4
888,,101000,70,13,49,,39.94,129200,0.00,15.77,7.88,8,4
889,,101000,70,13,49,,39.79,129200,0.00,15.77,7.88,8,4
890,,101916,70,13,49,,39.91,129200,0.00,15.77,7.88,8,4
891,,100133,70,56,50,,39.33,129200,0.00,15.77,7.88,8,4
892,,100951,70,64,49,,39.52,129200,0.00,15.77,7.88,8,4
893,,101000,70,13,49,,39.30,129200,0.03,18.31,9.17,8,4
894,,101049,70,13,49,,39.30,129200,0.00,15.97,7.99,8,4
895,,101000,70,64,49,,39.15,129200,0.00,15.77,7.88,8,4
896,,101000,70,64,49,,39.03,129200,0.00,15.77,7.88,8,4
897,,101867,70,64,49,,39.18,129200,0.00,15.77,7.88,8,4
898,,100133,70,56,49,,39.09,129200,0.00,15.77,7.88,8,4
899,,101003,70,64,49,,38.70,129200,0.00,15.77,7.88,8,4
900,,100998,70,67,49,,38.79,129200,0.00,15.77,7.88,8,4
901,,100999,70,64,49,,39.79,129200,0.03,18.29,9.16,8,4
902,,100896,70,64,49,,40.76,129200,0.00,15.97,7.99,8,4
903,,100104,73,56,49,,41.55,129200,0.00,15.77,7.88,8,4
904,,101003,70,64,49,,42.36,129200,0.00,15.77,7.88,8,4
905,,100948,70,67,49,,42.30,129200,0.00,15.77,7.88,8,4
906,,101049,69,13,49,,42.27,129200,0.00,15.77,7.88,8,4
907,,100852,70,64,49,,42.00,129200,0.00,15.77,7.88,8,4
908,,100099,70,13,49,,41.55,129200,0.00,15.77,7.88,8,4
909,,101052,69,13,49,,41.97,129200,0.00,18.74,9.37,8,4
910,,100948,70,67,49,,41.67,129200,6.73,17.16,11.94,8,4
911,,101000,70,13,49,,41.39,129200,0.00,15.76,7.88,8,4
912,,100901,75,13,49,,41.58,129200,0.00,15.77,7.88,8,4
913,,100099,70,13,49,,41.39,129200,0.00,15.77,7.88,8,4
914,,101000,70,13,49,,40.91,129200,0.00,15.77,7.88,8,4
915,,101000,76,13,49,,41.18,129200,0.00,15.77,7.88,8,4
916,,101000,70,13,49,,40.97,129200,0.00,15.77,7.88,8,4
917,,101000,70,13,49,,40.67,129200,0.00,15.77,7.88,8,4
918,,101000,76,13,49,,41.09,129200,0.03,18.29,9.16,8,4
919,,101998,70,13,49,,40.70,129200,0.00,15.97,7.99,8,4
920,,101002,70,22,50,,40.09,129200,0.00,15.77,7.88,8,4
921,,101000,76,13,49,,40.48,129200,0.00,15.77,7.88,8,4
922,,101049,70,13,49,,40.12,129200,0.00,15.77,7.88,8,4
923,,100951,70,64,49,,39.85,129200,0.00,15.77,7.88,8,4
924,,101000,70,13,49,,39.79,129200,0.00,15.77,7.88,8,4
925,,101000,70,13,49,,39.94,129200,0.00,15.77,7.88,8,4
926,,101872,70,13,49,,39.94,129200,0.03,18.31,9.17,8,5
927,,100128,70,12,50,,39.55,129200,0.00,15.97,7.99,8,4
928,,101000,70,13,49,,39.64,129200,0.00,15.77,7.88,8,4
929,,101000,69,13,49,,41.52,129200,0.00,15.77,7.88,8,4
930,,101000,70,13,49,,40.88,129200,0.00,15.77,7.88,8,4
931,,101000,70,13,49,,40.79,129200,0.00,15.77,7.88,8,4
932,,101000,69,13,49,,41.15,129200,0.00,15.77,7.88,8,4
933,,101872,70,13,49,,40.52,129200,0.00,15.77,7.88,8,4
934,,100128,70,13,49,,40.36,129200,0.00,15.77,7.88,8,4
935,,101000,70,13,49,,40.76,129200,0.03,18.29,9.16,8,5
936,,101000,70,13,49,,40.36,129200,0.00,15.97,7.99,8,4
937,,101000,70,13,49,,39.94,129200,0.00,15.77,7.88,8,4
938,,101000,70,13,49,,40.36,129200,0.00,15.77,7.88,8,5
939,,101000,70,13,49,,40.00,129200,0.00,15.77,7.88,8,4
940,,101872,70,13,49,,40.09,129200,0.00,15.77,7.88,8,4
941,,100128,70,12,50,,39.67,129200,0.00,15.77,7.88,8,4
942,,101000,70,13,49,,39.64,129200,0.00,15.77,7.88,8,4
943,,101000,70,13,49,,39.85,129200,0.03,18.29,9.16,8,4
944,,101049,70,13,49,,39.67,129200,0.00,15.97,7.99,8,4
945,,101000,70,64,49,,39.27,129200,0.00,15.77,7.88,8,4
946,,100951,70,64,49,,39.39,129200,0.00,15.77,7.88,8,4
947,,101872,70,13,49,,39.48,129200,0.00,15.77,7.88,8,4
948,,100177,70,12,50,,39.45,129200,0.00,15.77,7.88,8,4
949,,100951,70,64,49,,39.21,129200,0.00,15.77,7.88,8,4
950,,101000,70,13,49,,39.00,129200,0.00,15.77,7.88,8,4
951,,101000,70,13,49,,39.15,129200,0.00,15.77,7.88,8,4
952,,101000,70,13,49,,39.03,129200,0.00,17.39,8.70,8,4
953,,101000,70,13,49,,39.09,129200,0.00,15.77,7.88,8,4
954,,101872,70,13,49,,38.67,129200,0.00,15.76,7.88,8,4
955,,100128,74,12,50,,38.36,129200,0.00,15.77,7.88,8,5
956,,101000,70,13,49,,39.12,129200,0.00,15.77,7.88,8,4
957,,101000,70,13,49,,39.88,129200,0.00,15.76,7.88,8,4
958,,101000,69,13,49,,41.24,129200,0.00,15.77,7.88,8,4
959,,101000,70,13,49,,40.67,129200,0.00,15.76,7.88,8,4
960,,101000,70,13,49,,40.67,129200,0.03,18.29,9.16,8,4
961,,101872,70,13,49,,40.61,129200,0.00,15.97,7.99,8,4
962,,100128,70,12,50,,40.33,129200,0.00,15.77,7.88,8,4
963,,101000,70,13,49,,40.24,129200,0.00,15.76,7.88,8,4
964,,101000,70,13,49,,40.30,129200,0.00,15.77,7.88,8,4
965,,101000,70,13,49,,39.82,129200,0.00,15.76,7.88,8,4
966,,101050,70,13,49,,39.82,129200,0.00,15.76,7.88,8,4
967,,100950,70,64,49,,39.73,129200,0.00,15.77,7.88,8,4
968,,101872,70,13,49,,39.73,129200,0.00,19.60,9.80,8,4
969,,100178,70,12,50,,39.52,129200,6.73,16.34,11.54,8,4
970,,101002,70,64,49,,39.42,129200,0.00,15.77,7.88,8,4
971,,100997,70,67,49,,39.42,129200,0.00,15.76,7.88,8,4
972,,101000,70,64,49,,39.09,129200,0.00,15.76,7.88,8,4
973,,100896,70,64,49,,39.09,129200,0.00,15.77,7.88,8,4
974,,100105,70,56,49,,39.09,129200,0.00,15.77,7.88,8,4
975,,101002,73,64,49,,39.36,129200,0.00,15.76,7.88,8,4
976,,100998,70,67,49,,38.64,129200,0.00,15.77,7.88,8,4
977,,100999,70,64,49,,39.76,129200,0.13,18.75,9.44,8,4
978,,100896,70,64,49,,40.82,129200,0.00,15.99,7.99,8,5
979,,100055,70,56,49,,41.58,129200,0.00,15.77,7.88,8,4
980,,101000,70,13,49,,42.12,129200,0.00,15.76,7.88,8,4
981,,101000,70,13,49,,42.03,129200,0.00,15.76,7.88,8,5
982,,101000,70,13,49,,41.67,129200,0.00,15.77,7.88,8,4
983,,101000,70,13,49,,41.55,129200,0.00,15.77,7.88,8,4
984,,101000,70,13,49,,41.55,129200,0.00,15.76,7.88,8,5
985,,101872,70,13,49,,41.21,129200,0.03,18.29,9.16,8,4
986,,100128,70,13,49,,41.24,129200,0.00,15.97,7.99,8,4
987,,101000,70,13,49,,41.27,129200,0.00,15.76,7.88,8,5
988,,101000,70,13,49,,41.03,129200,0.00,15.77,7.88,8,4
989,,101000,70,13,49,,40.94,129200,0.00,15.77,7.88,8,4
990,,101000,69,13,49,,40.91,129200,0.00,15.76,7.88,8,4
991,,101000,70,13,49,,40.67,129200,0.00,15.77,7.88,8,4
992,,101872,70,13,49,,40.52,129200,0.00,15.76,7.88,8,4
993,,100128,70,12,50,,40.21,129200,0.00,16.58,8.29,8,4
994,,101000,70,13,49,,40.27,129200,0.03,17.48,8.76,8,4
995,,101000,70,13,49,,40.24,129200,0.00,15.97,7.99,8,4
996,,101000,70,13,49,,39.94,129200,0.00,15.76,7.88,8,4
997,,101000,70,13,49,,39.88,129200,0.00,15.77,7.88,8,4
998,,101049,70,13,49,,39.79,129200,0.00,15.76,7.88,8,4
999,,,70,64,49,,39.79,129200,0.00,15.76,7.88,8,4
